[
  {
    "i": 0,
    "type": "trade",
    "name": "",
    "group": "roads",
    "points": [
      [
        371.4,
        151.9
      ],
      [
        371.5,
        155
      ],
      [
        371.6,
        158.8
      ],
      [
        374.8,
        162.1
      ],
      [
        378.1,
        165.4
      ],
      [
        372.7,
        167.1
      ],
      [
        372.8,
        173.3
      ],
      [
        371.1,
        176.5
      ],
      [
        370.1,
        179.4
      ],
      [
        369.0,
        182.2
      ],
      [
        369.1,
        185.2
      ],
      [
        369.1,
        188.2
      ],
      [
        367.5,
        190.7
      ],
      [
        369.8,
        194.6
      ],
      [
        370.5,
        196.7
      ],
      [
        371.3,
        199.2
      ],
      [
        370.5,
        202.7
      ],
      [
        368.8,
        206.8
      ],
      [
        369.6,
        210.4
      ],
      [
        370.4,
        214.0
      ],
      [
        369.5,
        217.1
      ],
      [
        368.6,
        220.2
      ],
      [
        368.9,
        223.8
      ],
      [
        369.2,
        226.2
      ],
      [
        370.4,
        228.4
      ],
      [
        370.6,
        232.4
      ],
      [
        370.7,
        236.4
      ],
      [
        369.5,
        241.5
      ],
      [
        365.4,
        244.2
      ],
      [
        362.6,
        247
      ],
      [
        359.8,
        249.8
      ],
      [
        357.5,
        254.6
      ],
      [
        357,
        258.5
      ],
      [
        355.1,
        261.5
      ],
      [
        353.0,
        266.1
      ],
      [
        351.2,
        270.3
      ],
      [
        345.6,
        273.4
      ],
      [
        342.6,
        273.7
      ],
      [
        340.4,
        275.4
      ],
      [
        338.3,
        276.7
      ],
      [
        335.5,
        276.1
      ],
      [
        333.8,
        287.1
      ],
      [
        330.7,
        290.9
      ]
    ]
  },
  {
    "i": 1,
    "type": "trade",
    "name": "",
    "group": "roads",
    "points": [
      [
        335.0,
        312.8
      ],
      [
        331.1,
        309.1
      ],
      [
        330.1,
        313.3
      ],
      [
        330.9,
        316.6
      ],
      [
        331.4,
        318.6
      ],
      [
        331.9,
        322.4
      ],
      [
        334.3,
        324.3
      ],
      [
        337.7,
        327.3
      ],
      [
        342.6,
        325.1
      ]
    ]
  },
  {
    "i": 2,
    "type": "trade",
    "name": "",
    "group": "roads",
    "points": [
      [
        382.9,
        141.4
      ],
      [
        388.6,
        136.8
      ],
      [
        394.4,
        131.1
      ],
      [
        399.5,
        127.9
      ],
      [
        405.8,
        127.0
      ],
      [
        405.5,
        124.9
      ],
      [
        406.5,
        118.3
      ],
      [
        411.4,
        113.7
      ],
      [
        413.5,
        116.6
      ],
      [
        415.8,
        118.0
      ],
      [
        419.1,
        113.7
      ],
      [
        421.6,
        112.7
      ],
      [
        425,
        111.9
      ],
      [
        427.4,
        109.7
      ],
      [
        426.1,
        104.6
      ],
      [
        432.2,
        102.3
      ],
      [
        438.3,
        101.1
      ],
      [
        441.0,
        103.7
      ],
      [
        444.5,
        105.3
      ],
      [
        448.4,
        107.1
      ],
      [
        451.6,
        107.4
      ],
      [
        454.7,
        107.8
      ],
      [
        459.1,
        109.3
      ],
      [
        463.5,
        108.3
      ],
      [
        467.4,
        117.2
      ],
      [
        470.8,
        113.2
      ],
      [
        479,
        110.2
      ],
      [
        483.1,
        111.3
      ],
      [
        488.0,
        115.8
      ],
      [
        493.9,
        122.5
      ],
      [
        492.7,
        125.5
      ],
      [
        494.4,
        128.2
      ],
      [
        498.1,
        128.9
      ],
      [
        500.9,
        127.8
      ],
      [
        502.6,
        125.6
      ],
      [
        507.2,
        121.2
      ],
      [
        508.5,
        117.9
      ],
      [
        512.1,
        114.9
      ],
      [
        515.7,
        111.9
      ],
      [
        517.6,
        107.7
      ],
      [
        522.0,
        106.7
      ],
      [
        524.4,
        104.3
      ],
      [
        527.1,
        103.8
      ],
      [
        529.2,
        103.1
      ],
      [
        531.9,
        103.7
      ],
      [
        534.8,
        104.7
      ],
      [
        537.4,
        104.4
      ],
      [
        539.6,
        102.7
      ],
      [
        540.7,
        99.5
      ],
      [
        540.4,
        95.5
      ],
      [
        543.1,
        92
      ],
      [
        540.6,
        85.9
      ],
      [
        546.8,
        84.4
      ],
      [
        548.3,
        85
      ],
      [
        549.8,
        88.7
      ],
      [
        553.7,
        88.7
      ],
      [
        556.9,
        89.2
      ],
      [
        560.1,
        89.8
      ],
      [
        562.9,
        92.4
      ],
      [
        565.6,
        95.1
      ],
      [
        569.7,
        96.9
      ],
      [
        574,
        99
      ],
      [
        578.2,
        101.0
      ],
      [
        581.7,
        102.0
      ],
      [
        583.8,
        104.2
      ],
      [
        590.0,
        108.8
      ]
    ]
  },
  {
    "i": 3,
    "type": "trade",
    "name": "",
    "group": "roads",
    "points": [
      [
        306.8,
        99.5
      ],
      [
        304.5,
        103.8
      ],
      [
        304.4,
        108.2
      ],
      [
        304.1,
        111
      ],
      [
        304.9,
        112.6
      ]
    ]
  },
  {
    "i": 4,
    "type": "trade",
    "name": "",
    "group": "roads",
    "points": [
      [
        302.7,
        117.1
      ],
      [
        303.8,
        118.5
      ],
      [
        304.9,
        121.1
      ],
      [
        303.7,
        125.5
      ],
      [
        301.6,
        128.1
      ],
      [
        300.9,
        131.4
      ],
      [
        297.2,
        132.6
      ],
      [
        296.1,
        136.1
      ],
      [
        299.2,
        139.2
      ],
      [
        303.1,
        141.2
      ],
      [
        308.4,
        145.5
      ],
      [
        312.8,
        147.7
      ],
      [
        312.6,
        151
      ],
      [
        312.4,
        154.3
      ],
      [
        314.4,
        156.7
      ],
      [
        316.5,
        159.1
      ],
      [
        317.7,
        163.4
      ],
      [
        318.9,
        167.8
      ],
      [
        320.9,
        169.4
      ],
      [
        321.6,
        173.3
      ],
      [
        326.5,
        172.7
      ],
      [
        330.2,
        182.6
      ],
      [
        327.3,
        188.1
      ],
      [
        330.7,
        194.7
      ],
      [
        332.8,
        197.3
      ],
      [
        335.5,
        203.9
      ],
      [
        339.8,
        204.2
      ],
      [
        342.1,
        205.3
      ],
      [
        348.0,
        215.5
      ],
      [
        350.9,
        218.0
      ],
      [
        351.5,
        222.5
      ],
      [
        352,
        227.1
      ],
      [
        353.8,
        229.7
      ],
      [
        353.4,
        232.9
      ],
      [
        352.9,
        236.1
      ],
      [
        351.6,
        240.2
      ],
      [
        350.3,
        244.2
      ],
      [
        347.7,
        246.8
      ],
      [
        345.1,
        249.4
      ],
      [
        343.3,
        253.4
      ],
      [
        341.5,
        257.4
      ],
      [
        338.1,
        258.8
      ],
      [
        336.0,
        261.3
      ],
      [
        335.4,
        264.8
      ],
      [
        336.1,
        268.1
      ],
      [
        333.9,
        271.4
      ],
      [
        333.9,
        274.4
      ],
      [
        335.5,
        276.1
      ]
    ]
  },
  {
    "i": 5,
    "type": "trade",
    "name": "",
    "group": "roads",
    "points": [
      [
        296.1,
        136.1
      ],
      [
        292.3,
        136.6
      ],
      [
        287.9,
        134.6
      ],
      [
        282.0,
        133.4
      ],
      [
        279.8,
        131.8
      ],
      [
        275.2,
        130.4
      ],
      [
        267.2,
        128.7
      ],
      [
        264.3,
        125.5
      ],
      [
        257.8,
        129.1
      ],
      [
        252.1,
        127.4
      ],
      [
        246.7,
        131.6
      ]
    ]
  },
  {
    "i": 6,
    "type": "trade",
    "name": "",
    "group": "roads",
    "points": [
      [
        244.1,
        139.2
      ],
      [
        237.1,
        142.1
      ],
      [
        234.2,
        139.7
      ],
      [
        228.1,
        139.7
      ],
      [
        219.6,
        131.7
      ],
      [
        218.8,
        139.8
      ],
      [
        212.5,
        136.7
      ],
      [
        210.2,
        140.4
      ],
      [
        207,
        140.1
      ],
      [
        203.8,
        139.7
      ],
      [
        200.4,
        143.1
      ],
      [
        195.9,
        144.2
      ],
      [
        192.8,
        146.5
      ],
      [
        187.0,
        140.2
      ],
      [
        184.5,
        143.1
      ],
      [
        181.8,
        143.0
      ],
      [
        179.4,
        144.1
      ],
      [
        176.8,
        145.7
      ],
      [
        173.4,
        146
      ],
      [
        169.5,
        143.6
      ],
      [
        166.6,
        143.4
      ],
      [
        163.6,
        141.1
      ],
      [
        154.9,
        144.3
      ],
      [
        149.1,
        143.7
      ],
      [
        145.6,
        146.9
      ]
    ]
  },
  {
    "i": 7,
    "type": "trade",
    "name": "",
    "group": "roads",
    "points": [
      [
        139.1,
        140.6
      ],
      [
        136.6,
        138.1
      ],
      [
        130.0,
        133.1
      ],
      [
        127.5,
        132.7
      ],
      [
        125.3,
        136.9
      ],
      [
        120.9,
        136
      ],
      [
        116.5,
        132.2
      ],
      [
        114.0,
        133.6
      ],
      [
        111.1,
        133.6
      ],
      [
        106.5,
        132.0
      ],
      [
        102.6,
        129.9
      ],
      [
        99.9,
        126.2
      ]
    ]
  },
  {
    "i": 8,
    "type": "trade",
    "name": "",
    "group": "roads",
    "points": [
      [
        466.7,
        348.4
      ],
      [
        462.4,
        352.8
      ],
      [
        454.9,
        348.5
      ],
      [
        451.8,
        353.6
      ],
      [
        448.3,
        356.6
      ],
      [
        441.0,
        359.4
      ],
      [
        434.5,
        358.4
      ],
      [
        430.3,
        360.5
      ],
      [
        427.3,
        362.6
      ],
      [
        417.7,
        366.9
      ]
    ]
  },
  {
    "i": 9,
    "type": "trade",
    "name": "",
    "group": "roads",
    "points": [
      [
        412.5,
        372.6
      ],
      [
        408.5,
        371.2
      ],
      [
        404.9,
        370.2
      ],
      [
        404.7,
        366.3
      ],
      [
        404.0,
        362.8
      ],
      [
        401.3,
        360.9
      ],
      [
        397.1,
        360.4
      ],
      [
        395.8,
        357.9
      ],
      [
        393.1,
        356.9
      ],
      [
        390.2,
        357.4
      ],
      [
        386.6,
        355.1
      ],
      [
        383.0,
        352.8
      ],
      [
        378.9,
        351.7
      ],
      [
        374.9,
        350.6
      ],
      [
        372.7,
        349.7
      ],
      [
        371.1,
        347.9
      ],
      [
        367.8,
        346.7
      ],
      [
        364.6,
        345.4
      ],
      [
        361.1,
        344.7
      ],
      [
        357.6,
        344.1
      ]
    ]
  },
  {
    "i": 10,
    "type": "trade",
    "name": "",
    "group": "roads",
    "points": [
      [
        538.8,
        340.4
      ],
      [
        533.6,
        340.0
      ],
      [
        529.2,
        337.3
      ],
      [
        526.4,
        339.6
      ],
      [
        521.9,
        339.4
      ],
      [
        515.1,
        339.9
      ],
      [
        508.1,
        341.1
      ],
      [
        502.7,
        342.3
      ]
    ]
  },
  {
    "i": 11,
    "type": "trade",
    "name": "",
    "group": "roads",
    "points": [
      [
        498.0,
        346.4
      ],
      [
        491.6,
        345.8
      ],
      [
        488.0,
        346.8
      ],
      [
        484.3,
        351.5
      ],
      [
        477.8,
        353.9
      ],
      [
        470.3,
        354.6
      ]
    ]
  },
  {
    "i": 12,
    "type": "trade",
    "name": "",
    "group": "roads",
    "points": [
      [
        331.1,
        309.1
      ],
      [
        331.0,
        304.0
      ],
      [
        328.4,
        297.5
      ],
      [
        324.6,
        293.1
      ],
      [
        316,
        291.3
      ],
      [
        309.9,
        289.4
      ],
      [
        302.0,
        290.4
      ],
      [
        302.1,
        286.8
      ],
      [
        302.1,
        280.8
      ],
      [
        300.1,
        277.9
      ],
      [
        298.8,
        274.7
      ],
      [
        291.9,
        268.6
      ],
      [
        287.0,
        269.5
      ],
      [
        278.6,
        267.4
      ]
    ]
  },
  {
    "i": 13,
    "type": "trade",
    "name": "",
    "group": "roads",
    "points": [
      [
        269.2,
        272.9
      ],
      [
        269.8,
        270.4
      ],
      [
        267.8,
        270.0
      ],
      [
        264.9,
        270.8
      ],
      [
        261.2,
        272.9
      ],
      [
        256.9,
        274.6
      ],
      [
        253.4,
        274.1
      ],
      [
        253.1,
        276.3
      ],
      [
        253.7,
        281.1
      ],
      [
        246.7,
        284.0
      ]
    ]
  },
  {
    "i": 14,
    "type": "trade",
    "name": "",
    "group": "roads",
    "points": [
      [
        564.8,
        226.1
      ],
      [
        562.7,
        231.1
      ],
      [
        560.5,
        234.0
      ],
      [
        559.9,
        236.9
      ],
      [
        562.6,
        243.8
      ],
      [
        556.4,
        246.7
      ]
    ]
  },
  {
    "i": 15,
    "type": "trade",
    "name": "",
    "group": "roads",
    "points": [
      [
        560.5,
        252.0
      ],
      [
        559.8,
        254.7
      ],
      [
        557.0,
        264.0
      ],
      [
        557.2,
        268.1
      ],
      [
        555.1,
        274.7
      ],
      [
        553.2,
        276.1
      ]
    ]
  },
  {
    "i": 16,
    "type": "trade",
    "name": "",
    "group": "roads",
    "points": [
      [
        557.9,
        299.9
      ],
      [
        557.7,
        305.4
      ],
      [
        560.4,
        312.5
      ],
      [
        562.9,
        320.9
      ],
      [
        558.7,
        322.3
      ],
      [
        555.2,
        324.6
      ],
      [
        553.9,
        328.4
      ],
      [
        551.2,
        331.5
      ],
      [
        550.9,
        336.1
      ],
      [
        549.8,
        341.1
      ]
    ]
  },
  {
    "i": 17,
    "type": "trade",
    "name": "",
    "group": "roads",
    "points": [
      [
        564.8,
        226.1
      ],
      [
        564.8,
        220.4
      ],
      [
        572.4,
        219.1
      ],
      [
        575.9,
        213.0
      ],
      [
        574.9,
        207.2
      ],
      [
        576.7,
        202.5
      ],
      [
        579.4,
        200.0
      ],
      [
        582.9,
        195.5
      ],
      [
        589.2,
        190.2
      ],
      [
        595.6,
        192.5
      ]
    ]
  },
  {
    "i": 18,
    "type": "trade",
    "name": "",
    "group": "roads",
    "points": [
      [
        590.0,
        148.6
      ],
      [
        592.5,
        150.1
      ],
      [
        596.5,
        149.0
      ],
      [
        599.9,
        145.4
      ],
      [
        600.9,
        138.1
      ],
      [
        604.2,
        135.4
      ],
      [
        605.6,
        131.1
      ],
      [
        609.7,
        128.6
      ],
      [
        611.9,
        124.4
      ],
      [
        611.5,
        120.4
      ],
      [
        609.2,
        116.5
      ],
      [
        609.5,
        112.7
      ],
      [
        604.6,
        109.9
      ],
      [
        603.4,
        105.4
      ],
      [
        599.9,
        103.6
      ],
      [
        596,
        103.5
      ],
      [
        593.1,
        104.8
      ],
      [
        590.0,
        108.8
      ]
    ]
  },
  {
    "i": 19,
    "type": "trade",
    "name": "",
    "group": "roads",
    "points": [
      [
        467.0,
        384.8
      ],
      [
        471.1,
        383.0
      ],
      [
        475.4,
        383.1
      ],
      [
        480.0,
        385.1
      ],
      [
        481.5,
        388
      ],
      [
        483.1,
        390.8
      ],
      [
        486.9,
        391.1
      ],
      [
        490.6,
        393.4
      ],
      [
        492.2,
        395.3
      ],
      [
        495.0,
        396.2
      ],
      [
        494.6,
        401
      ],
      [
        494.3,
        402.1
      ],
      [
        497.0,
        404.9
      ],
      [
        496.1,
        408.8
      ],
      [
        495.3,
        412.7
      ],
      [
        495.7,
        416.2
      ],
      [
        492.2,
        418.6
      ],
      [
        492.9,
        422.0
      ],
      [
        491.7,
        424.9
      ],
      [
        490.7,
        430.6
      ],
      [
        486.6,
        434.6
      ],
      [
        485.7,
        437.8
      ],
      [
        483.8,
        440.6
      ],
      [
        479.9,
        442.6
      ],
      [
        477.0,
        447.1
      ],
      [
        471.8,
        449.7
      ],
      [
        466.9,
        449.6
      ],
      [
        459.9,
        450.8
      ],
      [
        453.2,
        454.9
      ]
    ]
  },
  {
    "i": 20,
    "type": "trade",
    "name": "",
    "group": "roads",
    "points": [
      [
        498.1,
        362.9
      ],
      [
        494.9,
        371.7
      ],
      [
        491.8,
        373.6
      ],
      [
        490.5,
        376.1
      ],
      [
        490.6,
        381.8
      ],
      [
        490.9,
        387.6
      ],
      [
        490.6,
        393.4
      ]
    ]
  },
  {
    "i": 21,
    "type": "trade",
    "name": "",
    "group": "roads",
    "points": [
      [
        497.0,
        404.9
      ],
      [
        501.7,
        405.6
      ],
      [
        507.4,
        406.0
      ],
      [
        511.3,
        407.7
      ],
      [
        515.1,
        409.4
      ],
      [
        520.8,
        410.8
      ],
      [
        529.4,
        409.6
      ],
      [
        531.9,
        412.5
      ],
      [
        535.0,
        413.6
      ],
      [
        537.6,
        414.5
      ],
      [
        541.4,
        416.2
      ],
      [
        544.4,
        415.6
      ],
      [
        546.6,
        412.7
      ],
      [
        551.3,
        414.7
      ],
      [
        555.7,
        411.1
      ],
      [
        559.9,
        411.4
      ],
      [
        564.0,
        411.8
      ],
      [
        567.1,
        408.6
      ],
      [
        570.3,
        406.3
      ],
      [
        573.7,
        405.9
      ],
      [
        577.2,
        406.5
      ],
      [
        580.4,
        409.7
      ],
      [
        584.9,
        411.2
      ]
    ]
  },
  {
    "i": 22,
    "type": "trade",
    "name": "",
    "group": "roads",
    "points": [
      [
        590.0,
        148.6
      ],
      [
        586.7,
        151.6
      ]
    ]
  },
  {
    "i": 23,
    "type": "trade",
    "name": "",
    "group": "roads",
    "points": [
      [
        586.3,
        166.7
      ],
      [
        584.2,
        170.5
      ],
      [
        584.9,
        178.6
      ],
      [
        588.1,
        184.7
      ],
      [
        589.2,
        190.2
      ]
    ]
  },
  {
    "i": 24,
    "type": "trade",
    "name": "",
    "group": "roads",
    "points": [
      [
        609.2,
        116.5
      ],
      [
        617.5,
        119.0
      ],
      [
        622.3,
        117.0
      ]
    ]
  },
  {
    "i": 25,
    "type": "trade",
    "name": "",
    "group": "trails",
    "points": [
      [
        333.9,
        271.4
      ],
      [
        329.4,
        272.4
      ],
      [
        321.1,
        276.8
      ],
      [
        314.6,
        273.5
      ],
      [
        310.2,
        274.9
      ]
    ]
  },
  {
    "i": 26,
    "type": "trade",
    "name": "",
    "group": "trails",
    "points": [
      [
        345.6,
        273.4
      ],
      [
        349.4,
        274.4
      ],
      [
        352.5,
        276.0
      ],
      [
        354.1,
        278.3
      ],
      [
        358.8,
        281.8
      ],
      [
        363.9,
        286.2
      ],
      [
        359.8,
        292.5
      ],
      [
        356.2,
        298.1
      ],
      [
        351.7,
        299.5
      ],
      [
        347.4,
        298.2
      ],
      [
        345.5,
        295.4
      ],
      [
        342.5,
        293.9
      ],
      [
        333.8,
        287.1
      ]
    ]
  },
  {
    "i": 27,
    "type": "trade",
    "name": "",
    "group": "trails",
    "points": [
      [
        330.7,
        290.9
      ],
      [
        328.4,
        297.5
      ]
    ]
  },
  {
    "i": 28,
    "type": "trade",
    "name": "",
    "group": "trails",
    "points": [
      [
        316,
        291.3
      ],
      [
        316.9,
        287.8
      ],
      [
        319.9,
        281.2
      ],
      [
        321.1,
        276.8
      ]
    ]
  },
  {
    "i": 29,
    "type": "trade",
    "name": "",
    "group": "trails",
    "points": [
      [
        367.2,
        297.6
      ],
      [
        364.1,
        293.9
      ],
      [
        359.8,
        292.5
      ]
    ]
  },
  {
    "i": 30,
    "type": "military",
    "name": "",
    "group": "trails",
    "points": [
      [
        356.2,
        298.1
      ],
      [
        356.8,
        303.1
      ],
      [
        351.9,
        308.3
      ],
      [
        356.6,
        310.6
      ]
    ]
  },
  {
    "i": 31,
    "type": "trade",
    "name": "",
    "group": "trails",
    "points": [
      [
        345.1,
        249.4
      ],
      [
        341.0,
        248.8
      ],
      [
        337.0,
        246.2
      ],
      [
        334.2,
        238.3
      ],
      [
        333.0,
        231.9
      ],
      [
        338.1,
        230.7
      ],
      [
        341.9,
        227.6
      ],
      [
        342.4,
        222.6
      ],
      [
        344.9,
        217.7
      ],
      [
        348.0,
        215.5
      ]
    ]
  },
  {
    "i": 32,
    "type": "trade",
    "name": "",
    "group": "trails",
    "points": [
      [
        308.5,
        237.4
      ],
      [
        312,
        233.4
      ],
      [
        316.2,
        231.5
      ],
      [
        322.8,
        231.7
      ],
      [
        326.1,
        232.2
      ],
      [
        333.0,
        231.9
      ]
    ]
  },
  {
    "i": 33,
    "type": "trade",
    "name": "",
    "group": "trails",
    "points": [
      [
        367.2,
        297.6
      ],
      [
        369.4,
        305.7
      ]
    ]
  },
  {
    "i": 34,
    "type": "trade",
    "name": "",
    "group": "trails",
    "points": [
      [
        369.1,
        295.8
      ],
      [
        367.2,
        297.6
      ]
    ]
  },
  {
    "i": 35,
    "type": "trade",
    "name": "",
    "group": "trails",
    "points": [
      [
        380.4,
        299.2
      ],
      [
        378.0,
        296.7
      ],
      [
        369.1,
        295.8
      ]
    ]
  },
  {
    "i": 36,
    "type": "trade",
    "name": "",
    "group": "trails",
    "points": [
      [
        331.0,
        304.0
      ],
      [
        335.0,
        312.8
      ]
    ]
  },
  {
    "i": 37,
    "type": "military",
    "name": "",
    "group": "trails",
    "points": [
      [
        305.0,
        250.1
      ],
      [
        305.0,
        244.4
      ],
      [
        306.3,
        240.8
      ],
      [
        308.5,
        237.4
      ]
    ]
  },
  {
    "i": 38,
    "type": "military",
    "name": "",
    "group": "trails",
    "points": [
      [
        298.8,
        274.7
      ],
      [
        305.4,
        273.3
      ],
      [
        310.2,
        274.9
      ]
    ]
  },
  {
    "i": 39,
    "type": "trade",
    "name": "",
    "group": "trails",
    "points": [
      [
        305.0,
        250.1
      ],
      [
        296.8,
        246.6
      ],
      [
        292.3,
        248.8
      ],
      [
        289.2,
        247.9
      ],
      [
        286.7,
        245.5
      ],
      [
        281.7,
        243.1
      ],
      [
        279.1,
        239.9
      ],
      [
        274.4,
        237.7
      ],
      [
        269.7,
        237.8
      ],
      [
        269.6,
        234.7
      ],
      [
        269.6,
        228.5
      ],
      [
        272.2,
        224.1
      ],
      [
        275.7,
        220.1
      ],
      [
        277.3,
        217.4
      ],
      [
        278,
        212.3
      ],
      [
        277.8,
        207.6
      ],
      [
        276.0,
        204.4
      ],
      [
        281.6,
        200.5
      ],
      [
        286.3,
        200.2
      ],
      [
        293.2,
        201.2
      ],
      [
        299.4,
        203.6
      ],
      [
        304.1,
        205.5
      ],
      [
        312.5,
        204.4
      ],
      [
        318.9,
        204.1
      ]
    ]
  },
  {
    "i": 40,
    "type": "trade",
    "name": "",
    "group": "trails",
    "points": [
      [
        342.9,
        314.4
      ],
      [
        340.0,
        312.7
      ],
      [
        335.0,
        312.8
      ]
    ]
  },
  {
    "i": 41,
    "type": "trade",
    "name": "",
    "group": "trails",
    "points": [
      [
        342.9,
        314.4
      ],
      [
        346.3,
        314.7
      ],
      [
        349,
        316.3
      ],
      [
        351.9,
        319.0
      ]
    ]
  },
  {
    "i": 42,
    "type": "trade",
    "name": "",
    "group": "trails",
    "points": [
      [
        380.4,
        299.2
      ],
      [
        382.4,
        305.9
      ]
    ]
  },
  {
    "i": 43,
    "type": "trade",
    "name": "",
    "group": "trails",
    "points": [
      [
        387.9,
        300.4
      ],
      [
        380.4,
        299.2
      ]
    ]
  },
  {
    "i": 44,
    "type": "trade",
    "name": "",
    "group": "trails",
    "points": [
      [
        302.0,
        290.4
      ],
      [
        300.1,
        294.3
      ],
      [
        297.5,
        296.1
      ]
    ]
  },
  {
    "i": 45,
    "type": "trade",
    "name": "",
    "group": "trails",
    "points": [
      [
        350.9,
        218.0
      ],
      [
        352.7,
        215.3
      ],
      [
        355.4,
        212
      ],
      [
        358.1,
        208.8
      ]
    ]
  },
  {
    "i": 46,
    "type": "trade",
    "name": "",
    "group": "trails",
    "points": [
      [
        342.6,
        325.1
      ],
      [
        346.8,
        324.2
      ],
      [
        349.5,
        321.8
      ]
    ]
  },
  {
    "i": 47,
    "type": "military",
    "name": "",
    "group": "trails",
    "points": [
      [
        349,
        316.3
      ],
      [
        342.9,
        314.4
      ]
    ]
  },
  {
    "i": 48,
    "type": "trade",
    "name": "",
    "group": "trails",
    "points": [
      [
        364.0,
        318.6
      ],
      [
        360.0,
        320.9
      ],
      [
        351.9,
        319.0
      ]
    ]
  },
  {
    "i": 49,
    "type": "trade",
    "name": "",
    "group": "trails",
    "points": [
      [
        374.6,
        318.5
      ],
      [
        370.4,
        316.2
      ],
      [
        368.8,
        312.4
      ],
      [
        369,
        309.6
      ],
      [
        369.4,
        305.7
      ]
    ]
  },
  {
    "i": 50,
    "type": "trade",
    "name": "",
    "group": "trails",
    "points": [
      [
        370.4,
        316.2
      ],
      [
        364.0,
        318.6
      ],
      [
        366.8,
        323.0
      ],
      [
        368.7,
        326.9
      ],
      [
        368.9,
        332.5
      ],
      [
        368.4,
        342.3
      ],
      [
        367.8,
        346.7
      ]
    ]
  },
  {
    "i": 51,
    "type": "trade",
    "name": "",
    "group": "trails",
    "points": [
      [
        331.9,
        322.4
      ],
      [
        330.4,
        326.7
      ],
      [
        322.6,
        331.4
      ],
      [
        323.7,
        333.0
      ],
      [
        325.8,
        336.7
      ],
      [
        326.2,
        340.2
      ],
      [
        324.2,
        344.1
      ],
      [
        322.9,
        350.6
      ],
      [
        319.7,
        354.7
      ],
      [
        315.6,
        357.6
      ],
      [
        315.2,
        354.8
      ],
      [
        310.6,
        354.2
      ],
      [
        307.6,
        352.5
      ],
      [
        305.5,
        350.2
      ],
      [
        302.9,
        347.9
      ],
      [
        300.6,
        347.1
      ],
      [
        297.7,
        346
      ],
      [
        294.0,
        346
      ],
      [
        288.6,
        348.3
      ],
      [
        286.1,
        351.3
      ],
      [
        283.5,
        360.3
      ],
      [
        280.0,
        356.8
      ]
    ]
  },
  {
    "i": 52,
    "type": "trade",
    "name": "",
    "group": "trails",
    "points": [
      [
        291.9,
        268.6
      ],
      [
        293.2,
        263.4
      ],
      [
        296.1,
        261.1
      ],
      [
        297.1,
        254.2
      ],
      [
        297.5,
        251.2
      ],
      [
        296.8,
        246.6
      ]
    ]
  },
  {
    "i": 53,
    "type": "trade",
    "name": "",
    "group": "trails",
    "points": [
      [
        374.6,
        318.5
      ],
      [
        378.4,
        323.4
      ],
      [
        381.1,
        324.8
      ],
      [
        384.5,
        327.1
      ],
      [
        391.0,
        327.6
      ],
      [
        390.4,
        335.0
      ],
      [
        390.8,
        342.0
      ],
      [
        394.1,
        339.9
      ],
      [
        398.9,
        340.0
      ],
      [
        404.7,
        341.5
      ]
    ]
  },
  {
    "i": 54,
    "type": "trade",
    "name": "",
    "group": "trails",
    "points": [
      [
        383.7,
        251.7
      ],
      [
        386,
        253.6
      ],
      [
        388.7,
        252.7
      ],
      [
        391.0,
        250.7
      ],
      [
        392.4,
        246.2
      ],
      [
        394.8,
        243.6
      ],
      [
        398.5,
        243.2
      ],
      [
        407.3,
        243.7
      ],
      [
        411.9,
        246.3
      ],
      [
        414.3,
        250.9
      ],
      [
        412.4,
        257.4
      ],
      [
        413.8,
        262.5
      ],
      [
        413.8,
        268.2
      ],
      [
        416.8,
        273.3
      ]
    ]
  },
  {
    "i": 55,
    "type": "military",
    "name": "",
    "group": "trails",
    "points": [
      [
        411.4,
        238.5
      ],
      [
        407.3,
        243.7
      ]
    ]
  },
  {
    "i": 56,
    "type": "trade",
    "name": "",
    "group": "trails",
    "points": [
      [
        300.5,
        322.5
      ],
      [
        299.6,
        318.5
      ],
      [
        297.2,
        313.9
      ],
      [
        296.9,
        309.4
      ],
      [
        297.7,
        305.3
      ],
      [
        297.5,
        296.1
      ]
    ]
  },
  {
    "i": 57,
    "type": "military",
    "name": "",
    "group": "trails",
    "points": [
      [
        321.8,
        190.7
      ],
      [
        322.9,
        198.0
      ],
      [
        318.9,
        204.1
      ]
    ]
  },
  {
    "i": 58,
    "type": "trade",
    "name": "",
    "group": "trails",
    "points": [
      [
        411.4,
        238.5
      ],
      [
        414.6,
        233.2
      ],
      [
        413.4,
        226.1
      ]
    ]
  },
  {
    "i": 59,
    "type": "military",
    "name": "",
    "group": "trails",
    "points": [
      [
        370.4,
        316.2
      ],
      [
        368.6,
        320.0
      ],
      [
        366.8,
        323.0
      ]
    ]
  },
  {
    "i": 60,
    "type": "trade",
    "name": "",
    "group": "trails",
    "points": [
      [
        312,
        233.4
      ],
      [
        312.2,
        227.4
      ],
      [
        312.7,
        220.2
      ],
      [
        309.7,
        212.0
      ],
      [
        312.5,
        204.4
      ]
    ]
  },
  {
    "i": 61,
    "type": "trade",
    "name": "",
    "group": "trails",
    "points": [
      [
        336.3,
        186
      ],
      [
        334.5,
        183.5
      ],
      [
        330.2,
        182.6
      ]
    ]
  },
  {
    "i": 62,
    "type": "trade",
    "name": "",
    "group": "trails",
    "points": [
      [
        321.8,
        190.7
      ],
      [
        327.3,
        188.1
      ]
    ]
  },
  {
    "i": 63,
    "type": "trade",
    "name": "",
    "group": "trails",
    "points": [
      [
        425.6,
        273.8
      ],
      [
        416.8,
        273.3
      ]
    ]
  },
  {
    "i": 64,
    "type": "military",
    "name": "",
    "group": "trails",
    "points": [
      [
        269.2,
        272.9
      ],
      [
        272.5,
        275.9
      ],
      [
        273.0,
        279.9
      ],
      [
        265,
        282.1
      ]
    ]
  },
  {
    "i": 65,
    "type": "trade",
    "name": "",
    "group": "trails",
    "points": [
      [
        300.5,
        322.5
      ],
      [
        298.4,
        325.7
      ],
      [
        294.4,
        328.4
      ]
    ]
  },
  {
    "i": 66,
    "type": "trade",
    "name": "",
    "group": "trails",
    "points": [
      [
        308.0,
        326.3
      ],
      [
        305.2,
        323.8
      ],
      [
        300.5,
        322.5
      ]
    ]
  },
  {
    "i": 67,
    "type": "trade",
    "name": "",
    "group": "trails",
    "points": [
      [
        322.6,
        331.4
      ],
      [
        319.2,
        329.4
      ],
      [
        314.6,
        330.1
      ],
      [
        308.0,
        326.3
      ]
    ]
  },
  {
    "i": 68,
    "type": "military",
    "name": "",
    "group": "trails",
    "points": [
      [
        330.4,
        326.7
      ],
      [
        323.7,
        333.0
      ]
    ]
  },
  {
    "i": 69,
    "type": "trade",
    "name": "",
    "group": "trails",
    "points": [
      [
        355.9,
        348.9
      ],
      [
        357.6,
        344.1
      ]
    ]
  },
  {
    "i": 70,
    "type": "trade",
    "name": "",
    "group": "trails",
    "points": [
      [
        387.4,
        188.3
      ],
      [
        392.1,
        190.2
      ],
      [
        392.6,
        193.8
      ],
      [
        391,
        198.1
      ],
      [
        390.9,
        204.5
      ],
      [
        393.5,
        207.3
      ],
      [
        399.4,
        210.0
      ],
      [
        400.7,
        213.8
      ],
      [
        400.2,
        222.5
      ],
      [
        406.9,
        222.7
      ],
      [
        413.4,
        226.1
      ]
    ]
  },
  {
    "i": 71,
    "type": "military",
    "name": "",
    "group": "trails",
    "points": [
      [
        369.1,
        188.2
      ],
      [
        377.1,
        190.4
      ],
      [
        381.0,
        191.4
      ],
      [
        384.3,
        190.1
      ],
      [
        387.4,
        188.3
      ]
    ]
  },
  {
    "i": 72,
    "type": "trade",
    "name": "",
    "group": "trails",
    "points": [
      [
        425.6,
        273.8
      ],
      [
        425.4,
        280.0
      ],
      [
        421.1,
        286.2
      ],
      [
        422.8,
        288.6
      ],
      [
        423.0,
        291.8
      ],
      [
        420.2,
        297.6
      ],
      [
        419.5,
        305.7
      ],
      [
        415.4,
        313.0
      ],
      [
        412.1,
        315.2
      ],
      [
        409.4,
        315.4
      ]
    ]
  },
  {
    "i": 73,
    "type": "trade",
    "name": "",
    "group": "trails",
    "points": [
      [
        425.6,
        273.8
      ],
      [
        430.3,
        271.1
      ],
      [
        432.9,
        266.3
      ],
      [
        436.4,
        269.3
      ],
      [
        437.5,
        274.9
      ],
      [
        440.0,
        278.0
      ],
      [
        442.1,
        281.8
      ],
      [
        442.8,
        287.9
      ],
      [
        443.8,
        291.8
      ],
      [
        441.6,
        297.4
      ],
      [
        436.7,
        299.7
      ],
      [
        436.5,
        305.0
      ],
      [
        434.6,
        308.8
      ],
      [
        429.2,
        310.6
      ],
      [
        426.5,
        312.6
      ],
      [
        424.3,
        316.2
      ],
      [
        425.4,
        324.7
      ],
      [
        426.0,
        327.0
      ],
      [
        424.5,
        331.3
      ],
      [
        420.6,
        334.5
      ],
      [
        421.6,
        339.9
      ],
      [
        424.9,
        344.4
      ],
      [
        426.9,
        350.5
      ],
      [
        430.5,
        354.8
      ],
      [
        434.5,
        358.4
      ],
      [
        433.1,
        364.4
      ]
    ]
  },
  {
    "i": 74,
    "type": "trade",
    "name": "",
    "group": "trails",
    "points": [
      [
        257.3,
        259.7
      ],
      [
        264.0,
        256.1
      ]
    ]
  },
  {
    "i": 75,
    "type": "military",
    "name": "",
    "group": "trails",
    "points": [
      [
        378.9,
        351.7
      ],
      [
        383.3,
        344.6
      ]
    ]
  },
  {
    "i": 76,
    "type": "trade",
    "name": "",
    "group": "trails",
    "points": [
      [
        404.4,
        332.8
      ],
      [
        401.9,
        329.0
      ],
      [
        396.3,
        326.8
      ],
      [
        391.0,
        327.6
      ]
    ]
  },
  {
    "i": 77,
    "type": "trade",
    "name": "",
    "group": "trails",
    "points": [
      [
        411.3,
        324.3
      ],
      [
        409.4,
        315.4
      ]
    ]
  },
  {
    "i": 78,
    "type": "trade",
    "name": "",
    "group": "trails",
    "points": [
      [
        261.2,
        272.9
      ],
      [
        255.6,
        268.0
      ],
      [
        257.3,
        259.7
      ]
    ]
  },
  {
    "i": 79,
    "type": "military",
    "name": "",
    "group": "trails",
    "points": [
      [
        254.9,
        286.2
      ],
      [
        258.5,
        287.3
      ],
      [
        261.5,
        285.8
      ],
      [
        265,
        282.1
      ]
    ]
  },
  {
    "i": 80,
    "type": "trade",
    "name": "",
    "group": "trails",
    "points": [
      [
        340.3,
        354.6
      ],
      [
        334.6,
        354.9
      ],
      [
        332.1,
        352.9
      ],
      [
        329.9,
        350.8
      ],
      [
        327.5,
        350.2
      ],
      [
        322.9,
        350.6
      ]
    ]
  },
  {
    "i": 81,
    "type": "trade",
    "name": "",
    "group": "trails",
    "points": [
      [
        340.3,
        354.6
      ],
      [
        339.8,
        357.7
      ],
      [
        343.7,
        357.8
      ],
      [
        346.9,
        359.3
      ],
      [
        349.3,
        362.2
      ],
      [
        351.1,
        366.5
      ],
      [
        351.6,
        369.8
      ],
      [
        350.6,
        373.0
      ],
      [
        353.7,
        376.4
      ],
      [
        357.5,
        380.3
      ]
    ]
  },
  {
    "i": 82,
    "type": "trade",
    "name": "",
    "group": "trails",
    "points": [
      [
        354.3,
        350.6
      ],
      [
        348.4,
        350.3
      ],
      [
        340.3,
        354.6
      ]
    ]
  },
  {
    "i": 83,
    "type": "trade",
    "name": "",
    "group": "trails",
    "points": [
      [
        253.7,
        281.1
      ],
      [
        250.2,
        281.3
      ],
      [
        246.7,
        284.0
      ]
    ]
  },
  {
    "i": 84,
    "type": "trade",
    "name": "",
    "group": "trails",
    "points": [
      [
        254.9,
        286.2
      ],
      [
        246.7,
        284.0
      ]
    ]
  },
  {
    "i": 85,
    "type": "trade",
    "name": "",
    "group": "trails",
    "points": [
      [
        394.1,
        350.8
      ],
      [
        392.1,
        347.7
      ],
      [
        390.8,
        342.0
      ],
      [
        383.3,
        344.6
      ]
    ]
  },
  {
    "i": 86,
    "type": "trade",
    "name": "",
    "group": "trails",
    "points": [
      [
        436.7,
        299.7
      ],
      [
        432.8,
        297.3
      ],
      [
        428.8,
        297.2
      ],
      [
        425.6,
        296.6
      ],
      [
        420.2,
        297.6
      ]
    ]
  },
  {
    "i": 87,
    "type": "trade",
    "name": "",
    "group": "trails",
    "points": [
      [
        444.9,
        268.4
      ],
      [
        442.1,
        272.2
      ],
      [
        437.5,
        274.9
      ]
    ]
  },
  {
    "i": 88,
    "type": "military",
    "name": "",
    "group": "trails",
    "points": [
      [
        253.4,
        274.1
      ],
      [
        255.6,
        268.0
      ]
    ]
  },
  {
    "i": 89,
    "type": "trade",
    "name": "",
    "group": "trails",
    "points": [
      [
        404.4,
        332.8
      ],
      [
        404.7,
        341.5
      ]
    ]
  },
  {
    "i": 90,
    "type": "trade",
    "name": "",
    "group": "trails",
    "points": [
      [
        411.3,
        324.3
      ],
      [
        410.1,
        327.8
      ],
      [
        406.7,
        330.6
      ],
      [
        404.4,
        332.8
      ]
    ]
  },
  {
    "i": 91,
    "type": "trade",
    "name": "",
    "group": "trails",
    "points": [
      [
        414.2,
        338.0
      ],
      [
        404.7,
        341.5
      ]
    ]
  },
  {
    "i": 92,
    "type": "trade",
    "name": "",
    "group": "trails",
    "points": [
      [
        288.6,
        348.3
      ],
      [
        291.9,
        347.7
      ],
      [
        294.0,
        346
      ],
      [
        297.6,
        340.6
      ],
      [
        297.6,
        334.4
      ],
      [
        294.4,
        328.4
      ]
    ]
  },
  {
    "i": 93,
    "type": "trade",
    "name": "",
    "group": "trails",
    "points": [
      [
        443.6,
        310.9
      ],
      [
        436.5,
        305.0
      ]
    ]
  },
  {
    "i": 94,
    "type": "trade",
    "name": "",
    "group": "trails",
    "points": [
      [
        288.6,
        348.3
      ],
      [
        284.6,
        342.7
      ],
      [
        282.9,
        342.1
      ],
      [
        274.6,
        336.8
      ],
      [
        269.9,
        334.2
      ],
      [
        268.4,
        330.7
      ],
      [
        264.5,
        326.6
      ],
      [
        262.6,
        320.7
      ],
      [
        259.6,
        316.2
      ],
      [
        257.5,
        308.0
      ],
      [
        248.5,
        303.2
      ],
      [
        248.9,
        310.6
      ],
      [
        246.2,
        315.7
      ],
      [
        243.4,
        313.5
      ],
      [
        238.1,
        312.1
      ],
      [
        234.7,
        309.9
      ]
    ]
  },
  {
    "i": 95,
    "type": "trade",
    "name": "",
    "group": "trails",
    "points": [
      [
        414.2,
        338.0
      ],
      [
        420.6,
        334.5
      ]
    ]
  },
  {
    "i": 96,
    "type": "trade",
    "name": "",
    "group": "trails",
    "points": [
      [
        371.4,
        151.9
      ],
      [
        370.3,
        147.3
      ],
      [
        368.3,
        143.9
      ],
      [
        365.2,
        143.3
      ],
      [
        362.4,
        144.9
      ],
      [
        357.6,
        143.6
      ],
      [
        357.7,
        147.0
      ],
      [
        353.5,
        151.9
      ],
      [
        350.7,
        153.3
      ],
      [
        347.8,
        156.4
      ],
      [
        346.4,
        160.8
      ],
      [
        343,
        160
      ],
      [
        339.7,
        159.2
      ],
      [
        336.8,
        160.6
      ],
      [
        333.2,
        162
      ]
    ]
  },
  {
    "i": 97,
    "type": "military",
    "name": "",
    "group": "trails",
    "points": [
      [
        248.5,
        303.2
      ],
      [
        252.3,
        297.6
      ],
      [
        252.8,
        294.1
      ],
      [
        254.9,
        286.2
      ]
    ]
  },
  {
    "i": 98,
    "type": "trade",
    "name": "",
    "group": "trails",
    "points": [
      [
        355.9,
        348.9
      ],
      [
        354.3,
        350.6
      ]
    ]
  },
  {
    "i": 99,
    "type": "trade",
    "name": "",
    "group": "trails",
    "points": [
      [
        444.9,
        268.4
      ],
      [
        448.3,
        268.7
      ],
      [
        455.2,
        264.0
      ],
      [
        458.7,
        264.0
      ],
      [
        465,
        267.3
      ],
      [
        468.0,
        274.4
      ],
      [
        470.7,
        279.8
      ],
      [
        469.9,
        283.7
      ],
      [
        471.2,
        291.5
      ],
      [
        467.3,
        294.6
      ],
      [
        460.4,
        294.8
      ],
      [
        456.3,
        291.5
      ]
    ]
  },
  {
    "i": 100,
    "type": "trade",
    "name": "",
    "group": "trails",
    "points": [
      [
        443.6,
        260.4
      ],
      [
        444.9,
        268.4
      ]
    ]
  },
  {
    "i": 101,
    "type": "trade",
    "name": "",
    "group": "trails",
    "points": [
      [
        442.8,
        287.9
      ],
      [
        448.2,
        288.9
      ],
      [
        450.7,
        290.2
      ],
      [
        456.3,
        291.5
      ]
    ]
  },
  {
    "i": 102,
    "type": "trade",
    "name": "",
    "group": "trails",
    "points": [
      [
        238.7,
        281.8
      ],
      [
        238.4,
        278.6
      ],
      [
        236.3,
        275.1
      ],
      [
        233.4,
        269.5
      ],
      [
        232.2,
        264.7
      ],
      [
        228.5,
        262.2
      ],
      [
        224.1,
        256.0
      ],
      [
        225.6,
        252.8
      ],
      [
        224.3,
        245.5
      ],
      [
        221.7,
        241.5
      ],
      [
        222.3,
        235.8
      ],
      [
        223.7,
        229.8
      ],
      [
        227.4,
        226.4
      ],
      [
        232.4,
        224.7
      ]
    ]
  },
  {
    "i": 103,
    "type": "trade",
    "name": "",
    "group": "trails",
    "points": [
      [
        238.7,
        281.8
      ],
      [
        237.1,
        284.6
      ],
      [
        233.1,
        287.6
      ]
    ]
  },
  {
    "i": 104,
    "type": "trade",
    "name": "",
    "group": "trails",
    "points": [
      [
        250.2,
        281.3
      ],
      [
        249.3,
        278
      ],
      [
        246.7,
        276.7
      ],
      [
        243.8,
        276.9
      ],
      [
        238.4,
        278.6
      ]
    ]
  },
  {
    "i": 105,
    "type": "trade",
    "name": "",
    "group": "trails",
    "points": [
      [
        330.4,
        152.7
      ],
      [
        332.4,
        155.4
      ],
      [
        332.8,
        159.8
      ],
      [
        333.2,
        162
      ]
    ]
  },
  {
    "i": 106,
    "type": "trade",
    "name": "",
    "group": "trails",
    "points": [
      [
        347.4,
        147.7
      ],
      [
        353.5,
        151.9
      ]
    ]
  },
  {
    "i": 107,
    "type": "military",
    "name": "",
    "group": "trails",
    "points": [
      [
        347.8,
        156.4
      ],
      [
        343,
        160
      ]
    ]
  },
  {
    "i": 108,
    "type": "trade",
    "name": "",
    "group": "trails",
    "points": [
      [
        385.6,
        170.9
      ],
      [
        385.0,
        165.3
      ],
      [
        386.5,
        159.2
      ],
      [
        390.8,
        156.0
      ]
    ]
  },
  {
    "i": 109,
    "type": "trade",
    "name": "",
    "group": "trails",
    "points": [
      [
        372.7,
        167.1
      ],
      [
        385.6,
        170.9
      ]
    ]
  },
  {
    "i": 110,
    "type": "trade",
    "name": "",
    "group": "trails",
    "points": [
      [
        262.8,
        248.2
      ],
      [
        264.9,
        241.6
      ],
      [
        269.7,
        237.8
      ]
    ]
  },
  {
    "i": 111,
    "type": "trade",
    "name": "",
    "group": "trails",
    "points": [
      [
        374.9,
        155.1
      ],
      [
        371.5,
        155
      ]
    ]
  },
  {
    "i": 112,
    "type": "trade",
    "name": "",
    "group": "trails",
    "points": [
      [
        378.1,
        147.8
      ],
      [
        381.2,
        149.9
      ],
      [
        383.1,
        153.0
      ],
      [
        386.5,
        159.2
      ]
    ]
  },
  {
    "i": 113,
    "type": "trade",
    "name": "",
    "group": "trails",
    "points": [
      [
        281.6,
        200.5
      ],
      [
        280.0,
        194.8
      ],
      [
        276.6,
        192.4
      ],
      [
        273.8,
        183.5
      ],
      [
        275.1,
        176.6
      ],
      [
        278.6,
        175.4
      ],
      [
        284.6,
        170.4
      ]
    ]
  },
  {
    "i": 114,
    "type": "trade",
    "name": "",
    "group": "trails",
    "points": [
      [
        442.9,
        330.7
      ],
      [
        436.3,
        329.6
      ],
      [
        431.9,
        327.3
      ],
      [
        426.0,
        327.0
      ]
    ]
  },
  {
    "i": 115,
    "type": "trade",
    "name": "",
    "group": "trails",
    "points": [
      [
        330.4,
        152.7
      ],
      [
        326.7,
        149
      ]
    ]
  },
  {
    "i": 116,
    "type": "trade",
    "name": "",
    "group": "trails",
    "points": [
      [
        442.8,
        200.2
      ],
      [
        435.6,
        202.6
      ],
      [
        431.8,
        203.8
      ],
      [
        425.1,
        207.0
      ],
      [
        422.5,
        211.6
      ],
      [
        417.2,
        214.0
      ],
      [
        414.7,
        216.2
      ],
      [
        413.4,
        226.1
      ]
    ]
  },
  {
    "i": 117,
    "type": "trade",
    "name": "",
    "group": "trails",
    "points": [
      [
        276.6,
        192.4
      ],
      [
        272.6,
        195.9
      ],
      [
        268.6,
        196.4
      ],
      [
        263.6,
        194.8
      ],
      [
        257.8,
        196.4
      ],
      [
        251.6,
        195.6
      ],
      [
        247.9,
        193.1
      ],
      [
        243.4,
        192.3
      ],
      [
        240.1,
        187.7
      ]
    ]
  },
  {
    "i": 118,
    "type": "trade",
    "name": "",
    "group": "trails",
    "points": [
      [
        393.6,
        158.6
      ],
      [
        390.8,
        156.0
      ]
    ]
  },
  {
    "i": 119,
    "type": "trade",
    "name": "",
    "group": "trails",
    "points": [
      [
        246.2,
        315.7
      ],
      [
        243.5,
        320.8
      ],
      [
        239.1,
        323.1
      ],
      [
        244.1,
        331.3
      ],
      [
        238.1,
        333.3
      ]
    ]
  },
  {
    "i": 120,
    "type": "trade",
    "name": "",
    "group": "trails",
    "points": [
      [
        283.5,
        360.3
      ],
      [
        281.9,
        362.4
      ]
    ]
  },
  {
    "i": 121,
    "type": "military",
    "name": "",
    "group": "trails",
    "points": [
      [
        448.4,
        316.1
      ],
      [
        453.7,
        312.1
      ]
    ]
  },
  {
    "i": 122,
    "type": "trade",
    "name": "",
    "group": "trails",
    "points": [
      [
        443.6,
        310.9
      ],
      [
        448.4,
        316.1
      ],
      [
        446.2,
        320.0
      ],
      [
        443.6,
        324.6
      ],
      [
        442.9,
        330.7
      ]
    ]
  },
  {
    "i": 123,
    "type": "trade",
    "name": "",
    "group": "trails",
    "points": [
      [
        239.8,
        214.3
      ],
      [
        237.0,
        218.7
      ],
      [
        232.4,
        224.7
      ]
    ]
  },
  {
    "i": 124,
    "type": "trade",
    "name": "",
    "group": "trails",
    "points": [
      [
        432.7,
        189.4
      ],
      [
        429,
        181.8
      ],
      [
        428.1,
        180.2
      ],
      [
        426.4,
        178.9
      ],
      [
        421.6,
        176.6
      ],
      [
        419.1,
        172.9
      ],
      [
        415.2,
        166.8
      ]
    ]
  },
  {
    "i": 125,
    "type": "trade",
    "name": "",
    "group": "trails",
    "points": [
      [
        232.4,
        297.5
      ],
      [
        232.2,
        304.1
      ],
      [
        234.7,
        309.9
      ]
    ]
  },
  {
    "i": 126,
    "type": "trade",
    "name": "",
    "group": "trails",
    "points": [
      [
        264.9,
        241.6
      ],
      [
        260.0,
        240.2
      ],
      [
        256.2,
        239.3
      ],
      [
        254.1,
        236.4
      ],
      [
        252.8,
        233.1
      ],
      [
        249.3,
        231.2
      ],
      [
        246.3,
        231.0
      ],
      [
        240.3,
        232.4
      ],
      [
        235.2,
        229.0
      ],
      [
        232.4,
        224.7
      ]
    ]
  },
  {
    "i": 127,
    "type": "trade",
    "name": "",
    "group": "trails",
    "points": [
      [
        270.1,
        358.0
      ],
      [
        272.1,
        360.8
      ],
      [
        276.4,
        356.8
      ],
      [
        280.0,
        356.8
      ]
    ]
  },
  {
    "i": 128,
    "type": "military",
    "name": "",
    "group": "trails",
    "points": [
      [
        456.4,
        250.3
      ],
      [
        460.2,
        247.9
      ]
    ]
  },
  {
    "i": 129,
    "type": "trade",
    "name": "",
    "group": "trails",
    "points": [
      [
        268.3,
        167.7
      ],
      [
        272.7,
        170.3
      ]
    ]
  },
  {
    "i": 130,
    "type": "trade",
    "name": "",
    "group": "trails",
    "points": [
      [
        439.5,
        182.9
      ],
      [
        432.7,
        189.4
      ],
      [
        435.7,
        193.5
      ],
      [
        442.8,
        200.2
      ]
    ]
  },
  {
    "i": 131,
    "type": "trade",
    "name": "",
    "group": "trails",
    "points": [
      [
        261.6,
        354.8
      ],
      [
        265,
        351.2
      ],
      [
        266.3,
        348.4
      ],
      [
        269.4,
        342.4
      ],
      [
        269.9,
        334.2
      ]
    ]
  },
  {
    "i": 132,
    "type": "trade",
    "name": "",
    "group": "trails",
    "points": [
      [
        401.4,
        150.1
      ],
      [
        398.6,
        150.8
      ],
      [
        397.1,
        151.7
      ],
      [
        393.6,
        158.6
      ]
    ]
  },
  {
    "i": 133,
    "type": "trade",
    "name": "",
    "group": "trails",
    "points": [
      [
        472.4,
        264.1
      ],
      [
        465,
        267.3
      ]
    ]
  },
  {
    "i": 134,
    "type": "trade",
    "name": "",
    "group": "trails",
    "points": [
      [
        353.1,
        142.9
      ],
      [
        357.6,
        143.6
      ]
    ]
  },
  {
    "i": 135,
    "type": "trade",
    "name": "",
    "group": "trails",
    "points": [
      [
        259.6,
        316.2
      ],
      [
        254.0,
        315.2
      ],
      [
        250.0,
        316.7
      ],
      [
        246.2,
        315.7
      ]
    ]
  },
  {
    "i": 136,
    "type": "trade",
    "name": "",
    "group": "trails",
    "points": [
      [
        224.3,
        328.7
      ],
      [
        233.1,
        330.1
      ],
      [
        237.7,
        329.9
      ],
      [
        239.1,
        323.1
      ]
    ]
  },
  {
    "i": 137,
    "type": "trade",
    "name": "",
    "group": "trails",
    "points": [
      [
        347.4,
        147.7
      ],
      [
        353.1,
        142.9
      ],
      [
        352.9,
        137.1
      ],
      [
        352.6,
        132.2
      ],
      [
        347.7,
        125.3
      ],
      [
        346.6,
        130
      ],
      [
        347.9,
        136.5
      ],
      [
        352.9,
        137.1
      ]
    ]
  },
  {
    "i": 138,
    "type": "trade",
    "name": "",
    "group": "trails",
    "points": [
      [
        220.6,
        318.8
      ],
      [
        220.2,
        324.0
      ],
      [
        224.3,
        328.7
      ]
    ]
  },
  {
    "i": 139,
    "type": "military",
    "name": "",
    "group": "trails",
    "points": [
      [
        237.7,
        329.9
      ],
      [
        238.1,
        333.3
      ]
    ]
  },
  {
    "i": 140,
    "type": "trade",
    "name": "",
    "group": "trails",
    "points": [
      [
        471.9,
        230.1
      ],
      [
        470,
        234.2
      ],
      [
        465.7,
        237.5
      ],
      [
        465.1,
        239.7
      ],
      [
        463.8,
        243.6
      ],
      [
        460.2,
        247.9
      ]
    ]
  },
  {
    "i": 141,
    "type": "trade",
    "name": "",
    "group": "trails",
    "points": [
      [
        273.7,
        167.3
      ],
      [
        276.0,
        162.4
      ],
      [
        282.1,
        158.1
      ]
    ]
  },
  {
    "i": 142,
    "type": "trade",
    "name": "",
    "group": "trails",
    "points": [
      [
        363.1,
        135.9
      ],
      [
        362.4,
        144.9
      ]
    ]
  },
  {
    "i": 143,
    "type": "trade",
    "name": "",
    "group": "trails",
    "points": [
      [
        459.8,
        327.1
      ],
      [
        457.1,
        326.8
      ],
      [
        453.6,
        324.5
      ],
      [
        448.4,
        316.1
      ]
    ]
  },
  {
    "i": 144,
    "type": "trade",
    "name": "",
    "group": "trails",
    "points": [
      [
        456.4,
        250.3
      ],
      [
        459.7,
        254.5
      ],
      [
        467.3,
        258.0
      ],
      [
        469.6,
        259.8
      ],
      [
        472.4,
        264.1
      ],
      [
        473.4,
        266.3
      ],
      [
        478.1,
        263.1
      ],
      [
        479.9,
        270.3
      ],
      [
        488.1,
        269.6
      ],
      [
        489.8,
        270.5
      ],
      [
        492.1,
        272.8
      ],
      [
        492.5,
        279.4
      ],
      [
        493.7,
        286.1
      ],
      [
        493.1,
        291.2
      ],
      [
        500.1,
        296.2
      ],
      [
        500.9,
        299.6
      ],
      [
        503.6,
        304.3
      ],
      [
        504.1,
        309.8
      ],
      [
        501.6,
        315.1
      ],
      [
        496.5,
        317.9
      ],
      [
        490.6,
        317.2
      ]
    ]
  },
  {
    "i": 145,
    "type": "trade",
    "name": "",
    "group": "trails",
    "points": [
      [
        270.1,
        358.0
      ],
      [
        261.6,
        354.8
      ]
    ]
  },
  {
    "i": 146,
    "type": "trade",
    "name": "",
    "group": "trails",
    "points": [
      [
        460.1,
        201.8
      ],
      [
        456.9,
        202.4
      ],
      [
        449.8,
        198.5
      ],
      [
        445.6,
        198.2
      ],
      [
        442.8,
        200.2
      ]
    ]
  },
  {
    "i": 147,
    "type": "trade",
    "name": "",
    "group": "trails",
    "points": [
      [
        378.3,
        136.7
      ],
      [
        376.6,
        139.7
      ],
      [
        378.1,
        147.8
      ]
    ]
  },
  {
    "i": 148,
    "type": "trade",
    "name": "",
    "group": "trails",
    "points": [
      [
        260.2,
        163.7
      ],
      [
        268.3,
        167.7
      ]
    ]
  },
  {
    "i": 149,
    "type": "trade",
    "name": "",
    "group": "trails",
    "points": [
      [
        251.8,
        356.5
      ],
      [
        255.9,
        358.8
      ],
      [
        259.4,
        357.3
      ],
      [
        261.6,
        354.8
      ]
    ]
  },
  {
    "i": 150,
    "type": "trade",
    "name": "",
    "group": "trails",
    "points": [
      [
        252.7,
        169.2
      ],
      [
        258,
        169.5
      ],
      [
        260.2,
        163.7
      ],
      [
        258.3,
        163.2
      ],
      [
        256.3,
        158.3
      ],
      [
        263.6,
        153.4
      ],
      [
        261.1,
        145.6
      ]
    ]
  },
  {
    "i": 151,
    "type": "trade",
    "name": "",
    "group": "trails",
    "points": [
      [
        263.7,
        364.9
      ],
      [
        264.9,
        368.5
      ],
      [
        262.1,
        371.4
      ],
      [
        256.9,
        371.9
      ],
      [
        253.7,
        370.6
      ],
      [
        250.4,
        369.3
      ]
    ]
  },
  {
    "i": 152,
    "type": "military",
    "name": "",
    "group": "trails",
    "points": [
      [
        259.4,
        357.3
      ],
      [
        263.7,
        364.9
      ]
    ]
  },
  {
    "i": 153,
    "type": "trade",
    "name": "",
    "group": "trails",
    "points": [
      [
        388.6,
        136.8
      ],
      [
        390.2,
        141.0
      ],
      [
        393.1,
        143.2
      ],
      [
        402.9,
        143.2
      ],
      [
        406.6,
        141.4
      ],
      [
        412.6,
        138.8
      ],
      [
        416.4,
        134.4
      ],
      [
        426.6,
        135.3
      ],
      [
        432.8,
        133.0
      ],
      [
        435.4,
        128.5
      ],
      [
        437.9,
        124.4
      ],
      [
        442.8,
        125.4
      ],
      [
        449.1,
        129.0
      ],
      [
        449.9,
        122.1
      ],
      [
        451.3,
        116.3
      ]
    ]
  },
  {
    "i": 154,
    "type": "trade",
    "name": "",
    "group": "trails",
    "points": [
      [
        236.7,
        183.8
      ],
      [
        240.1,
        187.7
      ]
    ]
  },
  {
    "i": 155,
    "type": "trade",
    "name": "",
    "group": "trails",
    "points": [
      [
        244.9,
        179.4
      ],
      [
        248.4,
        175.3
      ],
      [
        252.7,
        169.2
      ]
    ]
  },
  {
    "i": 156,
    "type": "trade",
    "name": "",
    "group": "trails",
    "points": [
      [
        472.1,
        216.3
      ],
      [
        471.9,
        221.1
      ],
      [
        469.1,
        226.6
      ],
      [
        471.9,
        230.1
      ]
    ]
  },
  {
    "i": 157,
    "type": "trade",
    "name": "",
    "group": "trails",
    "points": [
      [
        212.7,
        298.6
      ],
      [
        220.3,
        300
      ],
      [
        226.1,
        296.8
      ],
      [
        232.4,
        297.5
      ],
      [
        231.5,
        294.1
      ],
      [
        232.3,
        290.8
      ],
      [
        233.1,
        287.6
      ]
    ]
  },
  {
    "i": 158,
    "type": "trade",
    "name": "",
    "group": "trails",
    "points": [
      [
        243.1,
        341.9
      ],
      [
        238.1,
        333.3
      ]
    ]
  },
  {
    "i": 159,
    "type": "trade",
    "name": "",
    "group": "trails",
    "points": [
      [
        255.9,
        358.8
      ],
      [
        254.7,
        364.4
      ],
      [
        250.4,
        369.3
      ],
      [
        247.1,
        366.6
      ],
      [
        242.5,
        365.6
      ],
      [
        237.2,
        363.3
      ],
      [
        234.2,
        361.1
      ],
      [
        230.4,
        361.1
      ],
      [
        225.9,
        363.4
      ],
      [
        223.4,
        364.9
      ],
      [
        222.4,
        368.5
      ],
      [
        221.2,
        372.2
      ],
      [
        220.0,
        375.8
      ],
      [
        217.3,
        377.5
      ],
      [
        214.7,
        379.2
      ]
    ]
  },
  {
    "i": 160,
    "type": "trade",
    "name": "",
    "group": "trails",
    "points": [
      [
        330.9,
        127.7
      ],
      [
        333.3,
        131.1
      ],
      [
        334.0,
        135.5
      ],
      [
        334.7,
        139.6
      ],
      [
        333,
        142.8
      ],
      [
        333.1,
        147.2
      ],
      [
        326.7,
        149
      ]
    ]
  },
  {
    "i": 161,
    "type": "military",
    "name": "",
    "group": "trails",
    "points": [
      [
        263.6,
        153.4
      ],
      [
        268.9,
        152.4
      ],
      [
        274.3,
        151.8
      ],
      [
        279.7,
        151.3
      ]
    ]
  },
  {
    "i": 162,
    "type": "trade",
    "name": "",
    "group": "trails",
    "points": [
      [
        249.6,
        161.9
      ],
      [
        250.9,
        163.9
      ],
      [
        252.7,
        169.2
      ]
    ]
  },
  {
    "i": 163,
    "type": "trade",
    "name": "",
    "group": "trails",
    "points": [
      [
        412.5,
        372.6
      ],
      [
        415.1,
        372.2
      ],
      [
        418.2,
        372.2
      ],
      [
        424.6,
        376.2
      ],
      [
        422.7,
        379.2
      ],
      [
        422.0,
        384.4
      ]
    ]
  },
  {
    "i": 164,
    "type": "trade",
    "name": "",
    "group": "trails",
    "points": [
      [
        424.6,
        376.2
      ],
      [
        422.8,
        371.4
      ],
      [
        417.7,
        366.9
      ]
    ]
  },
  {
    "i": 165,
    "type": "trade",
    "name": "",
    "group": "trails",
    "points": [
      [
        368.9,
        137.0
      ],
      [
        378.3,
        136.7
      ],
      [
        376.5,
        131.5
      ],
      [
        373.0,
        127.3
      ],
      [
        372.2,
        122.0
      ],
      [
        376.1,
        115.6
      ],
      [
        381.9,
        106.7
      ]
    ]
  },
  {
    "i": 166,
    "type": "trade",
    "name": "",
    "group": "trails",
    "points": [
      [
        388.6,
        136.8
      ],
      [
        384.4,
        130.6
      ]
    ]
  },
  {
    "i": 167,
    "type": "trade",
    "name": "",
    "group": "trails",
    "points": [
      [
        474.2,
        320.3
      ],
      [
        468.6,
        323.9
      ]
    ]
  },
  {
    "i": 168,
    "type": "trade",
    "name": "",
    "group": "trails",
    "points": [
      [
        256.3,
        158.3
      ],
      [
        252.5,
        156.1
      ]
    ]
  },
  {
    "i": 169,
    "type": "trade",
    "name": "",
    "group": "trails",
    "points": [
      [
        480.1,
        254.1
      ],
      [
        484.8,
        245.4
      ],
      [
        493.5,
        248.1
      ],
      [
        494.2,
        251.9
      ],
      [
        493.2,
        258.1
      ],
      [
        496.1,
        258.9
      ],
      [
        499.7,
        261.4
      ]
    ]
  },
  {
    "i": 170,
    "type": "trade",
    "name": "",
    "group": "trails",
    "points": [
      [
        486.5,
        260.5
      ],
      [
        478.1,
        263.1
      ]
    ]
  },
  {
    "i": 171,
    "type": "trade",
    "name": "",
    "group": "trails",
    "points": [
      [
        460.1,
        201.8
      ],
      [
        466.7,
        200.3
      ],
      [
        465.4,
        205.5
      ],
      [
        463.9,
        207.5
      ],
      [
        464.5,
        211.1
      ],
      [
        466.6,
        214.1
      ],
      [
        472.1,
        216.3
      ]
    ]
  },
  {
    "i": 172,
    "type": "trade",
    "name": "",
    "group": "trails",
    "points": [
      [
        363.1,
        135.9
      ],
      [
        368.9,
        137.0
      ]
    ]
  },
  {
    "i": 173,
    "type": "trade",
    "name": "",
    "group": "trails",
    "points": [
      [
        449.8,
        167.1
      ],
      [
        447.4,
        169.3
      ],
      [
        443.8,
        170.4
      ],
      [
        439.2,
        174.4
      ],
      [
        438.1,
        178.1
      ],
      [
        439.5,
        182.9
      ]
    ]
  },
  {
    "i": 174,
    "type": "trade",
    "name": "",
    "group": "trails",
    "points": [
      [
        251.8,
        356.5
      ],
      [
        247.9,
        350.1
      ],
      [
        244.6,
        346.4
      ],
      [
        243.1,
        341.9
      ],
      [
        239.3,
        342.2
      ],
      [
        235.8,
        344.7
      ],
      [
        232.4,
        347.4
      ],
      [
        225.6,
        348.4
      ],
      [
        222.5,
        344.4
      ],
      [
        221.9,
        340.2
      ],
      [
        224.6,
        338.8
      ],
      [
        225.5,
        334.3
      ],
      [
        224.3,
        328.7
      ]
    ]
  },
  {
    "i": 175,
    "type": "trade",
    "name": "",
    "group": "trails",
    "points": [
      [
        230.9,
        194.2
      ],
      [
        226.8,
        194.2
      ],
      [
        222.1,
        198.1
      ],
      [
        216.2,
        202.6
      ],
      [
        213.6,
        206.4
      ],
      [
        207.2,
        201.1
      ],
      [
        201.3,
        201
      ],
      [
        196.1,
        200.8
      ],
      [
        191.2,
        198.2
      ],
      [
        195.2,
        189.2
      ],
      [
        199.6,
        184.1
      ],
      [
        203.6,
        185.4
      ],
      [
        207.4,
        184.8
      ],
      [
        211.6,
        181.8
      ],
      [
        214.0,
        175.8
      ]
    ]
  },
  {
    "i": 176,
    "type": "trade",
    "name": "",
    "group": "trails",
    "points": [
      [
        239.8,
        214.3
      ],
      [
        237.0,
        209.0
      ],
      [
        236.0,
        205.4
      ],
      [
        233.7,
        202.9
      ],
      [
        230.9,
        194.2
      ]
    ]
  },
  {
    "i": 177,
    "type": "trade",
    "name": "",
    "group": "trails",
    "points": [
      [
        378.3,
        136.7
      ],
      [
        381.4,
        134.6
      ],
      [
        384.4,
        130.6
      ]
    ]
  },
  {
    "i": 178,
    "type": "trade",
    "name": "",
    "group": "trails",
    "points": [
      [
        480.1,
        254.1
      ],
      [
        486.5,
        260.5
      ],
      [
        488.1,
        269.6
      ]
    ]
  },
  {
    "i": 179,
    "type": "trade",
    "name": "",
    "group": "trails",
    "points": [
      [
        435.4,
        384.7
      ],
      [
        432.0,
        382.0
      ],
      [
        428.7,
        381.1
      ],
      [
        426.2,
        379.5
      ],
      [
        424.6,
        376.2
      ]
    ]
  },
  {
    "i": 180,
    "type": "trade",
    "name": "",
    "group": "trails",
    "points": [
      [
        339.8,
        120.0
      ],
      [
        336.6,
        120.1
      ],
      [
        347.7,
        125.3
      ],
      [
        354.8,
        121
      ],
      [
        357.8,
        115.6
      ],
      [
        359.2,
        109.1
      ],
      [
        365.2,
        114.6
      ],
      [
        368.1,
        116.2
      ],
      [
        372.2,
        122.0
      ]
    ]
  },
  {
    "i": 181,
    "type": "trade",
    "name": "",
    "group": "trails",
    "points": [
      [
        376.5,
        131.5
      ],
      [
        384.4,
        130.6
      ]
    ]
  },
  {
    "i": 182,
    "type": "trade",
    "name": "",
    "group": "trails",
    "points": [
      [
        330.9,
        127.7
      ],
      [
        330.3,
        124.6
      ],
      [
        328.1,
        122
      ],
      [
        329.3,
        118.5
      ]
    ]
  },
  {
    "i": 183,
    "type": "trade",
    "name": "",
    "group": "trails",
    "points": [
      [
        474.2,
        320.3
      ],
      [
        476.0,
        324.2
      ],
      [
        475.8,
        331.0
      ],
      [
        472.5,
        333.2
      ],
      [
        467.8,
        333.9
      ],
      [
        460.9,
        333.1
      ]
    ]
  },
  {
    "i": 184,
    "type": "trade",
    "name": "",
    "group": "trails",
    "points": [
      [
        474.2,
        320.3
      ],
      [
        475.9,
        318.6
      ],
      [
        479.7,
        316.7
      ]
    ]
  },
  {
    "i": 185,
    "type": "trade",
    "name": "",
    "group": "trails",
    "points": [
      [
        487.3,
        294.3
      ],
      [
        481.7,
        294.1
      ],
      [
        475.7,
        297.7
      ],
      [
        478.2,
        300.9
      ],
      [
        478.9,
        305.2
      ],
      [
        481.3,
        310.3
      ],
      [
        479.7,
        316.7
      ]
    ]
  },
  {
    "i": 186,
    "type": "trade",
    "name": "",
    "group": "trails",
    "points": [
      [
        211,
        320.2
      ],
      [
        213.9,
        318.5
      ],
      [
        217.2,
        318.2
      ],
      [
        220.6,
        318.8
      ]
    ]
  },
  {
    "i": 187,
    "type": "trade",
    "name": "",
    "group": "trails",
    "points": [
      [
        335.6,
        120.2
      ],
      [
        333,
        120.7
      ],
      [
        329.3,
        118.5
      ]
    ]
  },
  {
    "i": 188,
    "type": "trade",
    "name": "",
    "group": "trails",
    "points": [
      [
        335.6,
        120.2
      ],
      [
        336.6,
        120.1
      ]
    ]
  },
  {
    "i": 189,
    "type": "trade",
    "name": "",
    "group": "trails",
    "points": [
      [
        413.8,
        159.2
      ],
      [
        420.3,
        158.1
      ]
    ]
  },
  {
    "i": 190,
    "type": "trade",
    "name": "",
    "group": "trails",
    "points": [
      [
        466.9,
        189.3
      ],
      [
        470.0,
        186.5
      ],
      [
        473.7,
        184.0
      ],
      [
        477.1,
        185.6
      ],
      [
        479.8,
        189.7
      ]
    ]
  },
  {
    "i": 191,
    "type": "trade",
    "name": "",
    "group": "trails",
    "points": [
      [
        283.8,
        130.1
      ],
      [
        282.0,
        133.4
      ]
    ]
  },
  {
    "i": 192,
    "type": "trade",
    "name": "",
    "group": "trails",
    "points": [
      [
        207.1,
        313.9
      ],
      [
        206.3,
        311.1
      ],
      [
        207.4,
        305.6
      ],
      [
        212.7,
        298.6
      ],
      [
        210.0,
        297.2
      ],
      [
        202.9,
        294.2
      ],
      [
        199.6,
        297.4
      ],
      [
        196.9,
        299.0
      ],
      [
        193.2,
        304.1
      ],
      [
        185.6,
        304.1
      ],
      [
        179.7,
        304.1
      ],
      [
        178.4,
        297.1
      ],
      [
        175.8,
        291.2
      ],
      [
        171.1,
        292.2
      ],
      [
        165.7,
        296.4
      ],
      [
        158.8,
        296.3
      ],
      [
        157.9,
        293.9
      ],
      [
        152.4,
        288.1
      ],
      [
        153.2,
        280.7
      ]
    ]
  },
  {
    "i": 193,
    "type": "trade",
    "name": "",
    "group": "trails",
    "points": [
      [
        210.6,
        325.4
      ],
      [
        211,
        320.2
      ]
    ]
  },
  {
    "i": 194,
    "type": "trade",
    "name": "",
    "group": "trails",
    "points": [
      [
        217.2,
        318.2
      ],
      [
        220.2,
        324.0
      ]
    ]
  },
  {
    "i": 195,
    "type": "trade",
    "name": "",
    "group": "trails",
    "points": [
      [
        426.6,
        135.3
      ],
      [
        426.2,
        141.6
      ],
      [
        423.9,
        148.9
      ],
      [
        421.2,
        151.1
      ],
      [
        420.3,
        158.1
      ]
    ]
  },
  {
    "i": 196,
    "type": "trade",
    "name": "",
    "group": "trails",
    "points": [
      [
        493.2,
        258.1
      ],
      [
        486.5,
        260.5
      ]
    ]
  },
  {
    "i": 197,
    "type": "trade",
    "name": "",
    "group": "trails",
    "points": [
      [
        470,
        234.2
      ],
      [
        474.2,
        240.3
      ],
      [
        478.0,
        242.8
      ],
      [
        484.8,
        245.4
      ]
    ]
  },
  {
    "i": 198,
    "type": "trade",
    "name": "",
    "group": "trails",
    "points": [
      [
        350.5,
        115.3
      ],
      [
        354.8,
        121
      ]
    ]
  },
  {
    "i": 199,
    "type": "trade",
    "name": "",
    "group": "trails",
    "points": [
      [
        213.9,
        318.5
      ],
      [
        211.5,
        315.3
      ],
      [
        207.1,
        313.9
      ]
    ]
  },
  {
    "i": 200,
    "type": "trade",
    "name": "",
    "group": "trails",
    "points": [
      [
        485.1,
        314.9
      ],
      [
        479.7,
        316.7
      ]
    ]
  },
  {
    "i": 201,
    "type": "trade",
    "name": "",
    "group": "trails",
    "points": [
      [
        493.1,
        291.2
      ],
      [
        487.3,
        294.3
      ]
    ]
  },
  {
    "i": 202,
    "type": "military",
    "name": "",
    "group": "trails",
    "points": [
      [
        395.9,
        121.7
      ],
      [
        399.5,
        127.9
      ]
    ]
  },
  {
    "i": 203,
    "type": "trade",
    "name": "",
    "group": "trails",
    "points": [
      [
        225.6,
        348.4
      ],
      [
        225.1,
        354.3
      ],
      [
        222.1,
        357.7
      ],
      [
        217.6,
        353.1
      ],
      [
        212.2,
        352.6
      ]
    ]
  },
  {
    "i": 204,
    "type": "trade",
    "name": "",
    "group": "trails",
    "points": [
      [
        350.5,
        115.3
      ],
      [
        343.1,
        112.6
      ],
      [
        343.7,
        115.9
      ],
      [
        342.6,
        118.4
      ],
      [
        339.8,
        120.0
      ]
    ]
  },
  {
    "i": 205,
    "type": "trade",
    "name": "",
    "group": "trails",
    "points": [
      [
        471.9,
        221.1
      ],
      [
        480.7,
        221
      ],
      [
        483.6,
        218.8
      ],
      [
        489.2,
        213.1
      ],
      [
        492.7,
        212.1
      ],
      [
        496.6,
        213.5
      ],
      [
        500.4,
        214.9
      ],
      [
        502.9,
        218.1
      ],
      [
        510.0,
        219.4
      ],
      [
        513.4,
        218.9
      ],
      [
        515.3,
        226.3
      ],
      [
        519.2,
        231.0
      ],
      [
        515.0,
        237.4
      ]
    ]
  },
  {
    "i": 206,
    "type": "military",
    "name": "",
    "group": "trails",
    "points": [
      [
        205.7,
        218.6
      ],
      [
        206.3,
        215.8
      ],
      [
        208.8,
        212.7
      ],
      [
        209.5,
        210.5
      ],
      [
        213.6,
        206.4
      ]
    ]
  },
  {
    "i": 207,
    "type": "trade",
    "name": "",
    "group": "trails",
    "points": [
      [
        306.9,
        115.0
      ],
      [
        304.9,
        112.6
      ],
      [
        300.3,
        112.7
      ],
      [
        304.4,
        108.2
      ]
    ]
  },
  {
    "i": 208,
    "type": "trade",
    "name": "",
    "group": "trails",
    "points": [
      [
        333,
        120.7
      ],
      [
        328.1,
        122
      ]
    ]
  },
  {
    "i": 209,
    "type": "trade",
    "name": "",
    "group": "trails",
    "points": [
      [
        304.9,
        121.1
      ],
      [
        302.7,
        119.2
      ],
      [
        302.7,
        117.1
      ]
    ]
  },
  {
    "i": 210,
    "type": "trade",
    "name": "",
    "group": "trails",
    "points": [
      [
        472.4,
        180.2
      ],
      [
        473.7,
        184.0
      ]
    ]
  },
  {
    "i": 211,
    "type": "trade",
    "name": "",
    "group": "trails",
    "points": [
      [
        455.2,
        163.2
      ],
      [
        460.4,
        164.1
      ],
      [
        464.3,
        162.3
      ]
    ]
  },
  {
    "i": 212,
    "type": "military",
    "name": "",
    "group": "trails",
    "points": [
      [
        455.2,
        163.2
      ],
      [
        453.0,
        157.8
      ],
      [
        449.8,
        152.1
      ]
    ]
  },
  {
    "i": 213,
    "type": "trade",
    "name": "",
    "group": "trails",
    "points": [
      [
        449.8,
        167.1
      ],
      [
        455.2,
        163.2
      ]
    ]
  },
  {
    "i": 214,
    "type": "trade",
    "name": "",
    "group": "trails",
    "points": [
      [
        376.1,
        115.6
      ],
      [
        374.8,
        113.5
      ],
      [
        381.9,
        106.7
      ]
    ]
  },
  {
    "i": 215,
    "type": "trade",
    "name": "",
    "group": "trails",
    "points": [
      [
        497.6,
        278.0
      ],
      [
        492.5,
        279.4
      ]
    ]
  },
  {
    "i": 216,
    "type": "trade",
    "name": "",
    "group": "trails",
    "points": [
      [
        256.9,
        137.8
      ],
      [
        257.6,
        142.2
      ],
      [
        261.1,
        145.6
      ]
    ]
  },
  {
    "i": 217,
    "type": "trade",
    "name": "",
    "group": "trails",
    "points": [
      [
        373.2,
        110.5
      ],
      [
        374.8,
        113.5
      ]
    ]
  },
  {
    "i": 218,
    "type": "trade",
    "name": "",
    "group": "trails",
    "points": [
      [
        283.8,
        130.1
      ],
      [
        287.6,
        122.2
      ]
    ]
  },
  {
    "i": 219,
    "type": "military",
    "name": "",
    "group": "trails",
    "points": [
      [
        303.8,
        118.5
      ],
      [
        306.9,
        115.0
      ]
    ]
  },
  {
    "i": 220,
    "type": "trade",
    "name": "",
    "group": "trails",
    "points": [
      [
        469.2,
        167.4
      ],
      [
        469.8,
        171.0
      ],
      [
        471.6,
        172.9
      ],
      [
        472.4,
        180.2
      ]
    ]
  },
  {
    "i": 221,
    "type": "trade",
    "name": "",
    "group": "trails",
    "points": [
      [
        300.3,
        112.7
      ],
      [
        302.7,
        117.1
      ]
    ]
  },
  {
    "i": 222,
    "type": "trade",
    "name": "",
    "group": "trails",
    "points": [
      [
        448.3,
        356.6
      ],
      [
        449.6,
        362.6
      ],
      [
        456.6,
        371.0
      ]
    ]
  },
  {
    "i": 223,
    "type": "trade",
    "name": "",
    "group": "trails",
    "points": [
      [
        249.6,
        161.9
      ],
      [
        252.5,
        156.1
      ]
    ]
  },
  {
    "i": 224,
    "type": "trade",
    "name": "",
    "group": "trails",
    "points": [
      [
        405.8,
        127.0
      ],
      [
        410.2,
        127.2
      ],
      [
        413.4,
        129.5
      ],
      [
        416.4,
        134.4
      ]
    ]
  },
  {
    "i": 225,
    "type": "trade",
    "name": "",
    "group": "trails",
    "points": [
      [
        385.5,
        113.6
      ],
      [
        381.9,
        106.7
      ]
    ]
  },
  {
    "i": 226,
    "type": "trade",
    "name": "",
    "group": "trails",
    "points": [
      [
        236.7,
        183.8
      ],
      [
        234.8,
        178.0
      ],
      [
        230.8,
        173.7
      ],
      [
        224.9,
        169.4
      ],
      [
        219.1,
        169.3
      ]
    ]
  },
  {
    "i": 227,
    "type": "trade",
    "name": "",
    "group": "trails",
    "points": [
      [
        281.8,
        118.8
      ],
      [
        284.1,
        121.1
      ],
      [
        287.6,
        122.2
      ]
    ]
  },
  {
    "i": 228,
    "type": "trade",
    "name": "",
    "group": "trails",
    "points": [
      [
        485.1,
        314.9
      ],
      [
        490.6,
        317.2
      ]
    ]
  },
  {
    "i": 229,
    "type": "trade",
    "name": "",
    "group": "trails",
    "points": [
      [
        225.9,
        363.4
      ],
      [
        222.1,
        357.7
      ]
    ]
  },
  {
    "i": 230,
    "type": "trade",
    "name": "",
    "group": "trails",
    "points": [
      [
        506.4,
        263.5
      ],
      [
        499.7,
        261.4
      ],
      [
        504.1,
        254.6
      ]
    ]
  },
  {
    "i": 231,
    "type": "trade",
    "name": "",
    "group": "trails",
    "points": [
      [
        489.2,
        195.2
      ],
      [
        488.6,
        199.1
      ],
      [
        486.0,
        201.8
      ],
      [
        486.1,
        208.0
      ],
      [
        489.2,
        213.1
      ]
    ]
  },
  {
    "i": 232,
    "type": "trade",
    "name": "",
    "group": "trails",
    "points": [
      [
        213.2,
        174.3
      ],
      [
        219.1,
        169.3
      ]
    ]
  },
  {
    "i": 233,
    "type": "trade",
    "name": "",
    "group": "trails",
    "points": [
      [
        486.8,
        191.4
      ],
      [
        485.2,
        185.9
      ],
      [
        479.8,
        189.7
      ]
    ]
  },
  {
    "i": 234,
    "type": "trade",
    "name": "",
    "group": "trails",
    "points": [
      [
        206.3,
        311.1
      ],
      [
        203.7,
        310.9
      ],
      [
        201.4,
        312.1
      ],
      [
        199.5,
        314.7
      ],
      [
        196.7,
        316
      ],
      [
        193.9,
        317.3
      ],
      [
        189.4,
        319.2
      ],
      [
        187.7,
        322.3
      ],
      [
        186.4,
        324.7
      ],
      [
        184.6,
        328.8
      ],
      [
        182.9,
        332.9
      ],
      [
        177.4,
        330.6
      ],
      [
        172.8,
        329.6
      ],
      [
        166.4,
        326.9
      ],
      [
        163.2,
        322.5
      ],
      [
        161.4,
        318.7
      ],
      [
        164.4,
        314.4
      ]
    ]
  },
  {
    "i": 235,
    "type": "trade",
    "name": "",
    "group": "trails",
    "points": [
      [
        463.4,
        367.4
      ],
      [
        459.1,
        368.9
      ],
      [
        456.6,
        371.0
      ]
    ]
  },
  {
    "i": 236,
    "type": "trade",
    "name": "",
    "group": "trails",
    "points": [
      [
        463.4,
        367.4
      ],
      [
        467.9,
        366.6
      ]
    ]
  },
  {
    "i": 237,
    "type": "trade",
    "name": "",
    "group": "trails",
    "points": [
      [
        462.4,
        352.8
      ],
      [
        464.7,
        354.4
      ],
      [
        465.8,
        357.2
      ],
      [
        467.9,
        366.6
      ]
    ]
  },
  {
    "i": 238,
    "type": "trade",
    "name": "",
    "group": "trails",
    "points": [
      [
        294.0,
        109.2
      ],
      [
        290.3,
        116.0
      ],
      [
        287.6,
        122.2
      ]
    ]
  },
  {
    "i": 239,
    "type": "trade",
    "name": "",
    "group": "trails",
    "points": [
      [
        385.5,
        113.6
      ],
      [
        392.8,
        118.1
      ],
      [
        394.9,
        109.9
      ],
      [
        400.9,
        110.8
      ],
      [
        406.5,
        118.3
      ]
    ]
  },
  {
    "i": 240,
    "type": "trade",
    "name": "",
    "group": "trails",
    "points": [
      [
        359.2,
        109.1
      ],
      [
        363.7,
        108.9
      ],
      [
        373.2,
        110.5
      ]
    ]
  },
  {
    "i": 241,
    "type": "trade",
    "name": "",
    "group": "trails",
    "points": [
      [
        184.2,
        255.6
      ],
      [
        185.2,
        252.2
      ],
      [
        187.8,
        250.3
      ],
      [
        190.3,
        245.2
      ],
      [
        193.3,
        242.9
      ],
      [
        201.8,
        243.9
      ],
      [
        207.6,
        244.5
      ],
      [
        214.1,
        248.1
      ],
      [
        219.4,
        254.6
      ],
      [
        224.1,
        256.0
      ]
    ]
  },
  {
    "i": 242,
    "type": "trade",
    "name": "",
    "group": "trails",
    "points": [
      [
        392.8,
        118.1
      ],
      [
        395.9,
        121.7
      ]
    ]
  },
  {
    "i": 243,
    "type": "trade",
    "name": "",
    "group": "trails",
    "points": [
      [
        457.9,
        379.2
      ],
      [
        456.6,
        371.0
      ]
    ]
  },
  {
    "i": 244,
    "type": "military",
    "name": "",
    "group": "trails",
    "points": [
      [
        294.0,
        109.2
      ],
      [
        300.3,
        112.7
      ]
    ]
  },
  {
    "i": 245,
    "type": "trade",
    "name": "",
    "group": "trails",
    "points": [
      [
        490.7,
        188.7
      ],
      [
        486.8,
        191.4
      ],
      [
        489.2,
        195.2
      ]
    ]
  },
  {
    "i": 246,
    "type": "trade",
    "name": "",
    "group": "trails",
    "points": [
      [
        274.3,
        116.0
      ],
      [
        281.8,
        118.8
      ]
    ]
  },
  {
    "i": 247,
    "type": "trade",
    "name": "",
    "group": "trails",
    "points": [
      [
        256.9,
        137.8
      ],
      [
        257.8,
        129.1
      ]
    ]
  },
  {
    "i": 248,
    "type": "military",
    "name": "",
    "group": "trails",
    "points": [
      [
        496.5,
        317.9
      ],
      [
        496.3,
        323.8
      ]
    ]
  },
  {
    "i": 249,
    "type": "trade",
    "name": "",
    "group": "trails",
    "points": [
      [
        497.6,
        278.0
      ],
      [
        505.5,
        281.0
      ]
    ]
  },
  {
    "i": 250,
    "type": "trade",
    "name": "",
    "group": "trails",
    "points": [
      [
        213.2,
        174.3
      ],
      [
        208.5,
        173.5
      ],
      [
        204.2,
        167.7
      ],
      [
        205.8,
        161.8
      ],
      [
        208.3,
        154.6
      ],
      [
        206.3,
        148.6
      ],
      [
        204.6,
        145.2
      ],
      [
        203.8,
        139.7
      ]
    ]
  },
  {
    "i": 251,
    "type": "trade",
    "name": "",
    "group": "trails",
    "points": [
      [
        426.2,
        379.5
      ],
      [
        422.0,
        384.4
      ]
    ]
  },
  {
    "i": 252,
    "type": "trade",
    "name": "",
    "group": "trails",
    "points": [
      [
        435.4,
        384.7
      ],
      [
        439.4,
        383.3
      ],
      [
        443.3,
        382.9
      ],
      [
        446.8,
        386
      ],
      [
        449.8,
        392.3
      ],
      [
        453.8,
        394.2
      ],
      [
        457.8,
        396.0
      ]
    ]
  },
  {
    "i": 253,
    "type": "trade",
    "name": "",
    "group": "trails",
    "points": [
      [
        267.2,
        128.7
      ],
      [
        271.9,
        125.7
      ],
      [
        274.3,
        116.0
      ],
      [
        279.8,
        109.9
      ],
      [
        284.9,
        106.8
      ],
      [
        291.4,
        103.2
      ],
      [
        294.0,
        109.2
      ]
    ]
  },
  {
    "i": 254,
    "type": "trade",
    "name": "",
    "group": "trails",
    "points": [
      [
        512.1,
        273.9
      ],
      [
        505.5,
        281.0
      ]
    ]
  },
  {
    "i": 255,
    "type": "trade",
    "name": "",
    "group": "trails",
    "points": [
      [
        187.6,
        238.9
      ],
      [
        182.8,
        238.2
      ],
      [
        180.1,
        236.5
      ],
      [
        176.2,
        232.0
      ],
      [
        173.6,
        229.3
      ],
      [
        169.0,
        227.2
      ],
      [
        172.1,
        219.3
      ]
    ]
  },
  {
    "i": 256,
    "type": "trade",
    "name": "",
    "group": "trails",
    "points": [
      [
        190.3,
        245.2
      ],
      [
        187.6,
        238.9
      ],
      [
        191.7,
        235.0
      ],
      [
        196.7,
        233.8
      ],
      [
        200.3,
        229.6
      ],
      [
        205.8,
        223.4
      ],
      [
        205.7,
        218.6
      ]
    ]
  },
  {
    "i": 257,
    "type": "trade",
    "name": "",
    "group": "trails",
    "points": [
      [
        513.0,
        261.5
      ],
      [
        510.2,
        261.8
      ],
      [
        506.4,
        263.5
      ]
    ]
  },
  {
    "i": 258,
    "type": "trade",
    "name": "",
    "group": "trails",
    "points": [
      [
        508.9,
        268.3
      ],
      [
        512.1,
        273.9
      ],
      [
        516.0,
        275.9
      ],
      [
        520.4,
        275.6
      ],
      [
        518.9,
        278.8
      ],
      [
        520.0,
        282.1
      ],
      [
        522.0,
        283.9
      ],
      [
        526.3,
        285.7
      ],
      [
        533.3,
        285.9
      ],
      [
        536.8,
        289.4
      ],
      [
        537.8,
        294.0
      ],
      [
        539.6,
        298.3
      ],
      [
        539.2,
        306.9
      ],
      [
        537.5,
        310.4
      ],
      [
        538.2,
        316.0
      ],
      [
        541.0,
        320.4
      ],
      [
        532.0,
        322.7
      ]
    ]
  },
  {
    "i": 259,
    "type": "trade",
    "name": "",
    "group": "trails",
    "points": [
      [
        509.9,
        296.7
      ],
      [
        500.1,
        296.2
      ]
    ]
  },
  {
    "i": 260,
    "type": "trade",
    "name": "",
    "group": "trails",
    "points": [
      [
        502.0,
        325.4
      ],
      [
        496.3,
        323.8
      ]
    ]
  },
  {
    "i": 261,
    "type": "trade",
    "name": "",
    "group": "trails",
    "points": [
      [
        405.3,
        105.4
      ],
      [
        404.5,
        106.5
      ],
      [
        400.9,
        110.8
      ]
    ]
  },
  {
    "i": 262,
    "type": "trade",
    "name": "",
    "group": "trails",
    "points": [
      [
        175.6,
        257.7
      ],
      [
        184.2,
        255.6
      ]
    ]
  },
  {
    "i": 263,
    "type": "trade",
    "name": "",
    "group": "trails",
    "points": [
      [
        187.5,
        290.8
      ],
      [
        181.3,
        290.0
      ]
    ]
  },
  {
    "i": 264,
    "type": "trade",
    "name": "",
    "group": "trails",
    "points": [
      [
        238.9,
        129.7
      ],
      [
        246.7,
        131.6
      ]
    ]
  },
  {
    "i": 265,
    "type": "trade",
    "name": "",
    "group": "trails",
    "points": [
      [
        507.0,
        240.2
      ],
      [
        515.0,
        237.4
      ]
    ]
  },
  {
    "i": 266,
    "type": "trade",
    "name": "",
    "group": "trails",
    "points": [
      [
        274.0,
        106.9
      ],
      [
        279.8,
        109.9
      ]
    ]
  },
  {
    "i": 267,
    "type": "trade",
    "name": "",
    "group": "trails",
    "points": [
      [
        405.3,
        105.4
      ],
      [
        401.1,
        101.6
      ],
      [
        405.0,
        99.5
      ],
      [
        406,
        101.3
      ],
      [
        408.9,
        102.9
      ]
    ]
  },
  {
    "i": 268,
    "type": "trade",
    "name": "",
    "group": "trails",
    "points": [
      [
        181.6,
        201.5
      ],
      [
        185.3,
        199.0
      ],
      [
        191.2,
        198.2
      ]
    ]
  },
  {
    "i": 269,
    "type": "trade",
    "name": "",
    "group": "trails",
    "points": [
      [
        507.0,
        240.2
      ],
      [
        505.8,
        244.8
      ],
      [
        507.5,
        252.1
      ],
      [
        504.1,
        254.6
      ]
    ]
  },
  {
    "i": 270,
    "type": "trade",
    "name": "",
    "group": "trails",
    "points": [
      [
        510.0,
        219.4
      ],
      [
        511.9,
        227.2
      ]
    ]
  },
  {
    "i": 271,
    "type": "trade",
    "name": "",
    "group": "trails",
    "points": [
      [
        175.8,
        291.2
      ],
      [
        181.3,
        290.0
      ]
    ]
  },
  {
    "i": 272,
    "type": "trade",
    "name": "",
    "group": "trails",
    "points": [
      [
        461,
        386.8
      ],
      [
        463.7,
        384.9
      ],
      [
        467.0,
        384.8
      ]
    ]
  },
  {
    "i": 273,
    "type": "trade",
    "name": "",
    "group": "trails",
    "points": [
      [
        457.9,
        379.2
      ],
      [
        461,
        386.8
      ]
    ]
  },
  {
    "i": 274,
    "type": "trade",
    "name": "",
    "group": "trails",
    "points": [
      [
        417.0,
        106.3
      ],
      [
        413.5,
        101.8
      ],
      [
        411.9,
        102.8
      ],
      [
        408.9,
        102.9
      ],
      [
        405.3,
        105.4
      ]
    ]
  },
  {
    "i": 275,
    "type": "trade",
    "name": "",
    "group": "trails",
    "points": [
      [
        193.3,
        179.8
      ],
      [
        199.6,
        184.1
      ]
    ]
  },
  {
    "i": 276,
    "type": "trade",
    "name": "",
    "group": "trails",
    "points": [
      [
        431.0,
        121.0
      ],
      [
        432.7,
        119.3
      ]
    ]
  },
  {
    "i": 277,
    "type": "trade",
    "name": "",
    "group": "trails",
    "points": [
      [
        453.8,
        394.2
      ],
      [
        453.1,
        391.1
      ],
      [
        454.7,
        388.6
      ],
      [
        461,
        386.8
      ]
    ]
  },
  {
    "i": 278,
    "type": "trade",
    "name": "",
    "group": "trails",
    "points": [
      [
        515.3,
        226.3
      ],
      [
        511.9,
        227.2
      ]
    ]
  },
  {
    "i": 279,
    "type": "trade",
    "name": "",
    "group": "trails",
    "points": [
      [
        432.2,
        102.3
      ],
      [
        438.0,
        107.7
      ],
      [
        441.0,
        103.7
      ]
    ]
  },
  {
    "i": 280,
    "type": "trade",
    "name": "",
    "group": "trails",
    "points": [
      [
        306.8,
        99.5
      ],
      [
        305.0,
        96.6
      ],
      [
        304.7,
        93.7
      ]
    ]
  },
  {
    "i": 281,
    "type": "trade",
    "name": "",
    "group": "trails",
    "points": [
      [
        269.3,
        108.1
      ],
      [
        274.0,
        106.9
      ]
    ]
  },
  {
    "i": 282,
    "type": "trade",
    "name": "",
    "group": "trails",
    "points": [
      [
        208.3,
        154.6
      ],
      [
        214.3,
        154.4
      ]
    ]
  },
  {
    "i": 283,
    "type": "trade",
    "name": "",
    "group": "trails",
    "points": [
      [
        449.1,
        129.0
      ],
      [
        455.3,
        130.7
      ],
      [
        459.1,
        129.8
      ]
    ]
  },
  {
    "i": 284,
    "type": "trade",
    "name": "",
    "group": "trails",
    "points": [
      [
        177.7,
        210.7
      ],
      [
        183.5,
        206.6
      ],
      [
        181.6,
        201.5
      ],
      [
        179.2,
        197.0
      ],
      [
        179.1,
        192.4
      ],
      [
        179.2,
        187.9
      ],
      [
        176.9,
        183.4
      ],
      [
        176.7,
        179.7
      ],
      [
        173.2,
        169.6
      ],
      [
        168.4,
        166.0
      ],
      [
        162.3,
        166.1
      ],
      [
        161.0,
        160.7
      ],
      [
        152.1,
        157.6
      ]
    ]
  },
  {
    "i": 285,
    "type": "trade",
    "name": "",
    "group": "trails",
    "points": [
      [
        520.8,
        254.4
      ],
      [
        517.9,
        258.9
      ],
      [
        513.0,
        261.5
      ]
    ]
  },
  {
    "i": 286,
    "type": "military",
    "name": "",
    "group": "trails",
    "points": [
      [
        498.1,
        362.9
      ],
      [
        494.1,
        363.0
      ],
      [
        491.3,
        361.2
      ]
    ]
  },
  {
    "i": 287,
    "type": "trade",
    "name": "",
    "group": "trails",
    "points": [
      [
        501.6,
        315.1
      ],
      [
        502.0,
        325.4
      ],
      [
        505.2,
        328.3
      ],
      [
        507.3,
        335.2
      ],
      [
        508.1,
        341.1
      ],
      [
        511.9,
        347.0
      ]
    ]
  },
  {
    "i": 288,
    "type": "trade",
    "name": "",
    "group": "trails",
    "points": [
      [
        218.8,
        139.8
      ],
      [
        228.1,
        139.7
      ]
    ]
  },
  {
    "i": 289,
    "type": "trade",
    "name": "",
    "group": "trails",
    "points": [
      [
        248.1,
        116.2
      ],
      [
        248.5,
        121.4
      ],
      [
        252.1,
        127.4
      ]
    ]
  },
  {
    "i": 290,
    "type": "trade",
    "name": "",
    "group": "trails",
    "points": [
      [
        238.5,
        135.3
      ],
      [
        238.9,
        129.7
      ]
    ]
  },
  {
    "i": 291,
    "type": "military",
    "name": "",
    "group": "trails",
    "points": [
      [
        192.5,
        169.5
      ],
      [
        196.2,
        166.9
      ],
      [
        204.2,
        167.7
      ]
    ]
  },
  {
    "i": 292,
    "type": "trade",
    "name": "",
    "group": "trails",
    "points": [
      [
        228.5,
        128.3
      ],
      [
        233,
        128.2
      ],
      [
        238.9,
        129.7
      ]
    ]
  },
  {
    "i": 293,
    "type": "trade",
    "name": "",
    "group": "trails",
    "points": [
      [
        177.7,
        210.7
      ],
      [
        176.2,
        215.2
      ],
      [
        172.1,
        219.3
      ],
      [
        164.3,
        218.2
      ],
      [
        164.6,
        214.3
      ],
      [
        162.8,
        209.7
      ]
    ]
  },
  {
    "i": 294,
    "type": "trade",
    "name": "",
    "group": "trails",
    "points": [
      [
        266.4,
        102.5
      ],
      [
        269.1,
        100.0
      ],
      [
        271.1,
        95.0
      ],
      [
        271.2,
        92.4
      ],
      [
        269.9,
        89.3
      ],
      [
        269.9,
        83.9
      ],
      [
        270.1,
        79.7
      ],
      [
        269.5,
        76.0
      ],
      [
        267.2,
        74
      ],
      [
        264.9,
        72.0
      ],
      [
        262.8,
        68.9
      ],
      [
        260.6,
        65.8
      ],
      [
        258.0,
        64.9
      ],
      [
        254.2,
        63.6
      ],
      [
        250.5,
        62.2
      ],
      [
        245.3,
        63.3
      ],
      [
        244.5,
        59.0
      ],
      [
        243.6,
        52.5
      ],
      [
        244.4,
        42.6
      ]
    ]
  },
  {
    "i": 295,
    "type": "trade",
    "name": "",
    "group": "trails",
    "points": [
      [
        250.6,
        115.1
      ],
      [
        254.7,
        115
      ],
      [
        255.6,
        112.1
      ],
      [
        256.2,
        108.4
      ],
      [
        258.6,
        104.7
      ],
      [
        263.9,
        100.5
      ]
    ]
  },
  {
    "i": 296,
    "type": "trade",
    "name": "",
    "group": "trails",
    "points": [
      [
        248.1,
        116.2
      ],
      [
        250.6,
        115.1
      ]
    ]
  },
  {
    "i": 297,
    "type": "trade",
    "name": "",
    "group": "trails",
    "points": [
      [
        193.3,
        179.8
      ],
      [
        190.4,
        176.8
      ],
      [
        192.5,
        169.5
      ]
    ]
  },
  {
    "i": 298,
    "type": "trade",
    "name": "",
    "group": "trails",
    "points": [
      [
        494.1,
        363.0
      ],
      [
        499.5,
        356.8
      ]
    ]
  },
  {
    "i": 299,
    "type": "trade",
    "name": "",
    "group": "trails",
    "points": [
      [
        477.8,
        353.9
      ],
      [
        483.3,
        356.9
      ],
      [
        491.3,
        361.2
      ]
    ]
  },
  {
    "i": 300,
    "type": "trade",
    "name": "",
    "group": "trails",
    "points": [
      [
        338.5,
        38.9
      ],
      [
        335.1,
        41.0
      ],
      [
        334.0,
        43.6
      ],
      [
        330.8,
        47.5
      ],
      [
        328.5,
        48.0
      ],
      [
        326.9,
        47.8
      ],
      [
        323.7,
        50.1
      ],
      [
        321.9,
        55.4
      ],
      [
        318.8,
        59.3
      ],
      [
        316.4,
        61.8
      ],
      [
        314,
        64.3
      ],
      [
        311.9,
        68.1
      ],
      [
        309.9,
        71.9
      ],
      [
        308.9,
        74.9
      ],
      [
        306.8,
        77.6
      ],
      [
        305.4,
        80.5
      ],
      [
        305.4,
        83.8
      ],
      [
        306.1,
        87.4
      ],
      [
        305.4,
        90.6
      ],
      [
        304.7,
        93.7
      ]
    ]
  },
  {
    "i": 301,
    "type": "trade",
    "name": "",
    "group": "trails",
    "points": [
      [
        164.7,
        269.4
      ],
      [
        171.8,
        264.7
      ],
      [
        175.6,
        257.7
      ],
      [
        173.4,
        255.8
      ],
      [
        164.6,
        251.3
      ],
      [
        172.0,
        248
      ],
      [
        174.3,
        243.8
      ],
      [
        180.1,
        236.5
      ]
    ]
  },
  {
    "i": 302,
    "type": "trade",
    "name": "",
    "group": "trails",
    "points": [
      [
        521.1,
        221.5
      ],
      [
        515.3,
        226.3
      ]
    ]
  },
  {
    "i": 303,
    "type": "trade",
    "name": "",
    "group": "trails",
    "points": [
      [
        266.4,
        102.5
      ],
      [
        263.9,
        100.5
      ]
    ]
  },
  {
    "i": 304,
    "type": "trade",
    "name": "",
    "group": "trails",
    "points": [
      [
        269.3,
        108.1
      ],
      [
        266.4,
        102.5
      ]
    ]
  },
  {
    "i": 305,
    "type": "trade",
    "name": "",
    "group": "trails",
    "points": [
      [
        463.5,
        125.2
      ],
      [
        459.1,
        129.8
      ]
    ]
  },
  {
    "i": 306,
    "type": "trade",
    "name": "",
    "group": "trails",
    "points": [
      [
        490.7,
        188.7
      ],
      [
        498.5,
        189.8
      ],
      [
        504.6,
        191.5
      ],
      [
        505.2,
        193.3
      ]
    ]
  },
  {
    "i": 307,
    "type": "trade",
    "name": "",
    "group": "trails",
    "points": [
      [
        513.0,
        188.5
      ],
      [
        509.1,
        188.7
      ],
      [
        504.6,
        191.5
      ]
    ]
  },
  {
    "i": 308,
    "type": "trade",
    "name": "",
    "group": "trails",
    "points": [
      [
        469.3,
        147.4
      ],
      [
        474.3,
        146.3
      ],
      [
        478.3,
        145.1
      ],
      [
        483.9,
        146.4
      ]
    ]
  },
  {
    "i": 309,
    "type": "trade",
    "name": "",
    "group": "trails",
    "points": [
      [
        228.5,
        128.3
      ],
      [
        224.6,
        131.1
      ],
      [
        219.6,
        131.7
      ]
    ]
  },
  {
    "i": 310,
    "type": "trade",
    "name": "",
    "group": "trails",
    "points": [
      [
        234.2,
        139.7
      ],
      [
        232.9,
        136.8
      ],
      [
        228.5,
        128.3
      ]
    ]
  },
  {
    "i": 311,
    "type": "trade",
    "name": "",
    "group": "trails",
    "points": [
      [
        181.9,
        182.2
      ],
      [
        184.7,
        179.2
      ],
      [
        190.4,
        176.8
      ]
    ]
  },
  {
    "i": 312,
    "type": "trade",
    "name": "",
    "group": "trails",
    "points": [
      [
        520.8,
        254.4
      ],
      [
        525.2,
        249.3
      ],
      [
        526.8,
        242.0
      ],
      [
        523.3,
        241.1
      ],
      [
        519.3,
        237.9
      ],
      [
        515.0,
        237.4
      ]
    ]
  },
  {
    "i": 313,
    "type": "military",
    "name": "",
    "group": "trails",
    "points": [
      [
        184.8,
        167.2
      ],
      [
        192.5,
        169.5
      ]
    ]
  },
  {
    "i": 314,
    "type": "trade",
    "name": "",
    "group": "trails",
    "points": [
      [
        195.7,
        370.6
      ],
      [
        197.7,
        371.7
      ],
      [
        196.6,
        377.0
      ],
      [
        201.0,
        378.9
      ],
      [
        204.5,
        380.2
      ],
      [
        208.1,
        381.4
      ],
      [
        211.4,
        380.3
      ],
      [
        214.7,
        379.2
      ]
    ]
  },
  {
    "i": 315,
    "type": "trade",
    "name": "",
    "group": "trails",
    "points": [
      [
        445.3,
        112.3
      ],
      [
        451.3,
        116.3
      ]
    ]
  },
  {
    "i": 316,
    "type": "trade",
    "name": "",
    "group": "trails",
    "points": [
      [
        445.3,
        112.3
      ],
      [
        444.5,
        105.3
      ]
    ]
  },
  {
    "i": 317,
    "type": "military",
    "name": "",
    "group": "trails",
    "points": [
      [
        181.9,
        182.2
      ],
      [
        176.9,
        183.4
      ]
    ]
  },
  {
    "i": 318,
    "type": "trade",
    "name": "",
    "group": "trails",
    "points": [
      [
        430.6,
        96.7
      ],
      [
        429.5,
        101.4
      ],
      [
        426.1,
        104.6
      ]
    ]
  },
  {
    "i": 319,
    "type": "trade",
    "name": "",
    "group": "trails",
    "points": [
      [
        478.5,
        131.7
      ],
      [
        474.5,
        131.6
      ]
    ]
  },
  {
    "i": 320,
    "type": "trade",
    "name": "",
    "group": "trails",
    "points": [
      [
        474.3,
        141.9
      ],
      [
        474.3,
        146.3
      ]
    ]
  },
  {
    "i": 321,
    "type": "trade",
    "name": "",
    "group": "trails",
    "points": [
      [
        513.0,
        188.5
      ],
      [
        515.9,
        185.7
      ]
    ]
  },
  {
    "i": 322,
    "type": "trade",
    "name": "",
    "group": "trails",
    "points": [
      [
        507.9,
        182.1
      ],
      [
        515.9,
        185.7
      ]
    ]
  },
  {
    "i": 323,
    "type": "trade",
    "name": "",
    "group": "trails",
    "points": [
      [
        514.7,
        366.9
      ],
      [
        511.4,
        364.7
      ],
      [
        509.4,
        361.3
      ],
      [
        505.8,
        358.7
      ],
      [
        499.5,
        356.8
      ]
    ]
  },
  {
    "i": 324,
    "type": "trade",
    "name": "",
    "group": "trails",
    "points": [
      [
        171.1,
        292.2
      ],
      [
        170.4,
        287.8
      ],
      [
        167.8,
        284.6
      ],
      [
        164.4,
        281.0
      ],
      [
        163.6,
        276.4
      ],
      [
        164.8,
        273.5
      ],
      [
        164.7,
        269.4
      ]
    ]
  },
  {
    "i": 325,
    "type": "trade",
    "name": "",
    "group": "trails",
    "points": [
      [
        190.4,
        155.2
      ],
      [
        195.3,
        151.1
      ],
      [
        197.9,
        148.6
      ],
      [
        204.6,
        145.2
      ]
    ]
  },
  {
    "i": 326,
    "type": "trade",
    "name": "",
    "group": "trails",
    "points": [
      [
        520.8,
        254.4
      ],
      [
        528.1,
        255.5
      ],
      [
        534.5,
        256.9
      ],
      [
        539.0,
        256.1
      ],
      [
        542.7,
        258.9
      ],
      [
        543.0,
        264.7
      ],
      [
        549.4,
        268.3
      ],
      [
        546.8,
        271
      ],
      [
        543.6,
        274.3
      ],
      [
        541.9,
        280.4
      ],
      [
        533.3,
        285.9
      ]
    ]
  },
  {
    "i": 327,
    "type": "trade",
    "name": "",
    "group": "trails",
    "points": [
      [
        179.7,
        304.1
      ],
      [
        174.1,
        305.3
      ],
      [
        170.3,
        308.8
      ],
      [
        164.4,
        314.4
      ],
      [
        160.4,
        311
      ],
      [
        158.3,
        302.1
      ],
      [
        158.8,
        296.3
      ]
    ]
  },
  {
    "i": 328,
    "type": "trade",
    "name": "",
    "group": "trails",
    "points": [
      [
        514.0,
        176.0
      ],
      [
        507.9,
        182.1
      ]
    ]
  },
  {
    "i": 329,
    "type": "trade",
    "name": "",
    "group": "trails",
    "points": [
      [
        150.3,
        276.1
      ],
      [
        153.2,
        280.7
      ],
      [
        157.2,
        279.4
      ],
      [
        163.6,
        276.4
      ]
    ]
  },
  {
    "i": 330,
    "type": "trade",
    "name": "",
    "group": "trails",
    "points": [
      [
        467.4,
        117.2
      ],
      [
        464.2,
        120.7
      ],
      [
        463.5,
        125.2
      ]
    ]
  },
  {
    "i": 331,
    "type": "trade",
    "name": "",
    "group": "trails",
    "points": [
      [
        475.0,
        124.6
      ],
      [
        478.5,
        131.7
      ]
    ]
  },
  {
    "i": 332,
    "type": "military",
    "name": "",
    "group": "trails",
    "points": [
      [
        438.3,
        101.1
      ],
      [
        442.6,
        98.6
      ]
    ]
  },
  {
    "i": 333,
    "type": "military",
    "name": "",
    "group": "trails",
    "points": [
      [
        429.5,
        101.4
      ],
      [
        432.2,
        102.3
      ]
    ]
  },
  {
    "i": 334,
    "type": "trade",
    "name": "",
    "group": "trails",
    "points": [
      [
        507.6,
        163.6
      ],
      [
        508.0,
        169.1
      ],
      [
        513.1,
        173.0
      ],
      [
        514.0,
        176.0
      ],
      [
        520.1,
        174.4
      ],
      [
        526.3,
        172.8
      ],
      [
        530.2,
        173.6
      ],
      [
        532.3,
        175.6
      ],
      [
        536.7,
        178.5
      ],
      [
        539.4,
        184.1
      ],
      [
        540.6,
        193.7
      ],
      [
        548,
        196.7
      ],
      [
        550.2,
        200.2
      ],
      [
        553.4,
        205.7
      ],
      [
        555.4,
        208.7
      ],
      [
        555.7,
        216.7
      ]
    ]
  },
  {
    "i": 335,
    "type": "trade",
    "name": "",
    "group": "trails",
    "points": [
      [
        529.2,
        337.3
      ],
      [
        532.5,
        336.6
      ]
    ]
  },
  {
    "i": 336,
    "type": "trade",
    "name": "",
    "group": "trails",
    "points": [
      [
        533.9,
        330.5
      ],
      [
        525.3,
        326.5
      ],
      [
        530.1,
        323.8
      ],
      [
        532.0,
        322.7
      ]
    ]
  },
  {
    "i": 337,
    "type": "trade",
    "name": "",
    "group": "trails",
    "points": [
      [
        193.9,
        377.0
      ],
      [
        192.4,
        380.6
      ],
      [
        189.5,
        379.9
      ]
    ]
  },
  {
    "i": 338,
    "type": "trade",
    "name": "",
    "group": "trails",
    "points": [
      [
        196.6,
        377.0
      ],
      [
        193.9,
        377.0
      ]
    ]
  },
  {
    "i": 339,
    "type": "military",
    "name": "",
    "group": "trails",
    "points": [
      [
        164.6,
        332.6
      ],
      [
        166.4,
        326.9
      ]
    ]
  },
  {
    "i": 340,
    "type": "trade",
    "name": "",
    "group": "trails",
    "points": [
      [
        534.5,
        250.6
      ],
      [
        534.5,
        256.9
      ]
    ]
  },
  {
    "i": 341,
    "type": "trade",
    "name": "",
    "group": "trails",
    "points": [
      [
        525.2,
        249.3
      ],
      [
        534.5,
        250.6
      ]
    ]
  },
  {
    "i": 342,
    "type": "trade",
    "name": "",
    "group": "trails",
    "points": [
      [
        499.0,
        144.2
      ],
      [
        496.7,
        146.8
      ],
      [
        492.5,
        148.1
      ],
      [
        483.9,
        146.4
      ]
    ]
  },
  {
    "i": 343,
    "type": "trade",
    "name": "",
    "group": "trails",
    "points": [
      [
        164.6,
        332.6
      ],
      [
        165.8,
        338.7
      ],
      [
        160.9,
        339.2
      ],
      [
        156.3,
        342.1
      ],
      [
        154.9,
        344.5
      ],
      [
        145.0,
        349.3
      ],
      [
        141.6,
        354.6
      ],
      [
        140.4,
        351.7
      ],
      [
        139.1,
        349.3
      ],
      [
        137.7,
        348.2
      ],
      [
        134,
        346.8
      ]
    ]
  },
  {
    "i": 344,
    "type": "trade",
    "name": "",
    "group": "trails",
    "points": [
      [
        296.0,
        85.0
      ],
      [
        292.1,
        84.8
      ],
      [
        285.8,
        87.1
      ],
      [
        280.2,
        85.7
      ],
      [
        274.5,
        86.8
      ],
      [
        269.9,
        83.9
      ]
    ]
  },
  {
    "i": 345,
    "type": "trade",
    "name": "",
    "group": "trails",
    "points": [
      [
        459.1,
        109.3
      ],
      [
        455.4,
        113.9
      ],
      [
        451.3,
        116.3
      ]
    ]
  },
  {
    "i": 346,
    "type": "trade",
    "name": "",
    "group": "trails",
    "points": [
      [
        526.5,
        345.5
      ],
      [
        526.4,
        339.6
      ]
    ]
  },
  {
    "i": 347,
    "type": "trade",
    "name": "",
    "group": "trails",
    "points": [
      [
        520.6,
        321.4
      ],
      [
        525.3,
        326.5
      ]
    ]
  },
  {
    "i": 348,
    "type": "trade",
    "name": "",
    "group": "trails",
    "points": [
      [
        180.8,
        161.3
      ],
      [
        175.3,
        165.9
      ]
    ]
  },
  {
    "i": 349,
    "type": "trade",
    "name": "",
    "group": "trails",
    "points": [
      [
        184.8,
        167.2
      ],
      [
        180.8,
        161.3
      ]
    ]
  },
  {
    "i": 350,
    "type": "trade",
    "name": "",
    "group": "trails",
    "points": [
      [
        540.3,
        239.5
      ],
      [
        538.6,
        245.0
      ],
      [
        534.5,
        250.6
      ]
    ]
  },
  {
    "i": 351,
    "type": "trade",
    "name": "",
    "group": "trails",
    "points": [
      [
        180.9,
        155.5
      ],
      [
        190.4,
        155.2
      ]
    ]
  },
  {
    "i": 352,
    "type": "trade",
    "name": "",
    "group": "trails",
    "points": [
      [
        173.2,
        169.6
      ],
      [
        175.3,
        165.9
      ]
    ]
  },
  {
    "i": 353,
    "type": "trade",
    "name": "",
    "group": "trails",
    "points": [
      [
        494.9,
        371.7
      ],
      [
        497.8,
        376.0
      ],
      [
        503.5,
        374.5
      ],
      [
        510.9,
        373.2
      ]
    ]
  },
  {
    "i": 354,
    "type": "trade",
    "name": "",
    "group": "trails",
    "points": [
      [
        510.5,
        152.6
      ],
      [
        507.4,
        158.0
      ],
      [
        507.6,
        163.6
      ]
    ]
  },
  {
    "i": 355,
    "type": "trade",
    "name": "",
    "group": "trails",
    "points": [
      [
        140.7,
        220.0
      ],
      [
        144.7,
        218.5
      ],
      [
        147.3,
        215.9
      ],
      [
        154.1,
        213.9
      ],
      [
        158.6,
        214.9
      ],
      [
        164.3,
        218.2
      ]
    ]
  },
  {
    "i": 356,
    "type": "trade",
    "name": "",
    "group": "trails",
    "points": [
      [
        470.8,
        113.2
      ],
      [
        469.6,
        110.5
      ],
      [
        469.9,
        106.5
      ]
    ]
  },
  {
    "i": 357,
    "type": "trade",
    "name": "",
    "group": "trails",
    "points": [
      [
        533.6,
        340.0
      ],
      [
        526.5,
        345.5
      ]
    ]
  },
  {
    "i": 358,
    "type": "trade",
    "name": "",
    "group": "trails",
    "points": [
      [
        531.9,
        348.9
      ],
      [
        526.5,
        345.5
      ]
    ]
  },
  {
    "i": 359,
    "type": "trade",
    "name": "",
    "group": "trails",
    "points": [
      [
        492.7,
        125.5
      ],
      [
        489.0,
        128.2
      ],
      [
        485.3,
        131.4
      ],
      [
        478.5,
        131.7
      ]
    ]
  },
  {
    "i": 360,
    "type": "trade",
    "name": "",
    "group": "trails",
    "points": [
      [
        498.2,
        397.9
      ],
      [
        495.0,
        396.2
      ]
    ]
  },
  {
    "i": 361,
    "type": "military",
    "name": "",
    "group": "trails",
    "points": [
      [
        498.2,
        397.9
      ],
      [
        494.6,
        401
      ]
    ]
  },
  {
    "i": 362,
    "type": "trade",
    "name": "",
    "group": "trails",
    "points": [
      [
        555.1,
        274.7
      ],
      [
        549.4,
        268.3
      ]
    ]
  },
  {
    "i": 363,
    "type": "military",
    "name": "",
    "group": "trails",
    "points": [
      [
        502.6,
        131.1
      ],
      [
        500.1,
        133.3
      ]
    ]
  },
  {
    "i": 364,
    "type": "trade",
    "name": "",
    "group": "trails",
    "points": [
      [
        514.7,
        366.9
      ],
      [
        517.8,
        366.6
      ],
      [
        521.6,
        364.6
      ],
      [
        528.4,
        363.6
      ]
    ]
  },
  {
    "i": 365,
    "type": "trade",
    "name": "",
    "group": "trails",
    "points": [
      [
        502.6,
        131.1
      ],
      [
        510.3,
        128.6
      ],
      [
        514.4,
        130.2
      ],
      [
        520.9,
        135.5
      ],
      [
        527.6,
        136.8
      ],
      [
        532.8,
        135.8
      ]
    ]
  },
  {
    "i": 366,
    "type": "trade",
    "name": "",
    "group": "trails",
    "points": [
      [
        504.4,
        389.9
      ],
      [
        505.3,
        384.0
      ],
      [
        511.9,
        386.5
      ]
    ]
  },
  {
    "i": 367,
    "type": "trade",
    "name": "",
    "group": "trails",
    "points": [
      [
        504.4,
        389.9
      ],
      [
        501.1,
        390.4
      ],
      [
        498.7,
        393.2
      ],
      [
        498.2,
        397.9
      ]
    ]
  },
  {
    "i": 368,
    "type": "trade",
    "name": "",
    "group": "trails",
    "points": [
      [
        183.4,
        148.1
      ],
      [
        184.5,
        143.1
      ]
    ]
  },
  {
    "i": 369,
    "type": "trade",
    "name": "",
    "group": "trails",
    "points": [
      [
        547.9,
        217.3
      ],
      [
        554.4,
        217.4
      ],
      [
        555.7,
        216.7
      ],
      [
        564.8,
        220.4
      ]
    ]
  },
  {
    "i": 370,
    "type": "trade",
    "name": "",
    "group": "trails",
    "points": [
      [
        556.4,
        246.7
      ],
      [
        552.1,
        243.3
      ],
      [
        547.3,
        240.7
      ],
      [
        540.3,
        239.5
      ]
    ]
  },
  {
    "i": 371,
    "type": "trade",
    "name": "",
    "group": "trails",
    "points": [
      [
        514.7,
        366.9
      ],
      [
        510.9,
        373.2
      ]
    ]
  },
  {
    "i": 372,
    "type": "trade",
    "name": "",
    "group": "trails",
    "points": [
      [
        541.5,
        336.9
      ],
      [
        538.8,
        340.4
      ]
    ]
  },
  {
    "i": 373,
    "type": "trade",
    "name": "",
    "group": "trails",
    "points": [
      [
        141.6,
        207.7
      ],
      [
        138.9,
        215.7
      ],
      [
        140.7,
        220.0
      ]
    ]
  },
  {
    "i": 374,
    "type": "trade",
    "name": "",
    "group": "trails",
    "points": [
      [
        154.1,
        213.9
      ],
      [
        162.8,
        209.7
      ]
    ]
  },
  {
    "i": 375,
    "type": "trade",
    "name": "",
    "group": "trails",
    "points": [
      [
        137.8,
        298.0
      ],
      [
        143.1,
        298.4
      ],
      [
        145.5,
        296.8
      ],
      [
        147.1,
        292.8
      ],
      [
        150.8,
        290.5
      ],
      [
        152.4,
        288.1
      ]
    ]
  },
  {
    "i": 376,
    "type": "trade",
    "name": "",
    "group": "trails",
    "points": [
      [
        496.7,
        146.8
      ],
      [
        503.1,
        149.0
      ],
      [
        510.5,
        152.6
      ],
      [
        515.6,
        152.7
      ],
      [
        521.3,
        154.5
      ],
      [
        526.0,
        154.5
      ],
      [
        535.3,
        157.7
      ],
      [
        532.8,
        162.2
      ],
      [
        529.4,
        164.2
      ],
      [
        526.3,
        172.8
      ]
    ]
  },
  {
    "i": 377,
    "type": "military",
    "name": "",
    "group": "trails",
    "points": [
      [
        502.6,
        131.1
      ],
      [
        502.6,
        125.6
      ]
    ]
  },
  {
    "i": 378,
    "type": "trade",
    "name": "",
    "group": "trails",
    "points": [
      [
        136.0,
        250.1
      ],
      [
        137.4,
        254.0
      ],
      [
        142.6,
        255.5
      ],
      [
        148.9,
        254.2
      ],
      [
        153.3,
        255.3
      ],
      [
        158.7,
        254.2
      ],
      [
        164.6,
        251.3
      ]
    ]
  },
  {
    "i": 379,
    "type": "trade",
    "name": "",
    "group": "trails",
    "points": [
      [
        555.1,
        292.1
      ],
      [
        551.6,
        291.9
      ],
      [
        547.1,
        293.7
      ],
      [
        539.6,
        298.3
      ]
    ]
  },
  {
    "i": 380,
    "type": "trade",
    "name": "",
    "group": "trails",
    "points": [
      [
        173.4,
        146
      ],
      [
        167.9,
        148.6
      ],
      [
        169.5,
        143.6
      ]
    ]
  },
  {
    "i": 381,
    "type": "trade",
    "name": "",
    "group": "trails",
    "points": [
      [
        153.9,
        174.2
      ],
      [
        155.6,
        175.5
      ],
      [
        159.5,
        175.5
      ],
      [
        164.5,
        171.9
      ],
      [
        162.3,
        166.1
      ]
    ]
  },
  {
    "i": 382,
    "type": "trade",
    "name": "",
    "group": "trails",
    "points": [
      [
        513.9,
        381.1
      ],
      [
        512.1,
        383.4
      ],
      [
        511.9,
        386.5
      ]
    ]
  },
  {
    "i": 383,
    "type": "trade",
    "name": "",
    "group": "trails",
    "points": [
      [
        557.0,
        264.0
      ],
      [
        549.4,
        268.3
      ]
    ]
  },
  {
    "i": 384,
    "type": "trade",
    "name": "",
    "group": "trails",
    "points": [
      [
        550.5,
        318.0
      ],
      [
        541.0,
        320.4
      ]
    ]
  },
  {
    "i": 385,
    "type": "trade",
    "name": "",
    "group": "trails",
    "points": [
      [
        181.8,
        143.0
      ],
      [
        179.5,
        136.8
      ]
    ]
  },
  {
    "i": 386,
    "type": "trade",
    "name": "",
    "group": "trails",
    "points": [
      [
        146.5,
        180.3
      ],
      [
        153.9,
        174.2
      ],
      [
        150.9,
        170.0
      ],
      [
        149.8,
        164.2
      ],
      [
        152.1,
        157.6
      ]
    ]
  },
  {
    "i": 387,
    "type": "trade",
    "name": "",
    "group": "trails",
    "points": [
      [
        520.9,
        135.5
      ],
      [
        520.5,
        139.2
      ],
      [
        516.9,
        144.7
      ],
      [
        512.9,
        148.0
      ],
      [
        510.5,
        152.6
      ]
    ]
  },
  {
    "i": 388,
    "type": "trade",
    "name": "",
    "group": "trails",
    "points": [
      [
        138.9,
        215.7
      ],
      [
        135.9,
        211.6
      ]
    ]
  },
  {
    "i": 389,
    "type": "trade",
    "name": "",
    "group": "trails",
    "points": [
      [
        134.0,
        227.6
      ],
      [
        140.7,
        220.0
      ]
    ]
  },
  {
    "i": 390,
    "type": "trade",
    "name": "",
    "group": "trails",
    "points": [
      [
        127.8,
        260.4
      ],
      [
        134.1,
        264.5
      ],
      [
        137.7,
        267.4
      ],
      [
        143.3,
        268.6
      ],
      [
        150.3,
        276.1
      ]
    ]
  },
  {
    "i": 391,
    "type": "trade",
    "name": "",
    "group": "trails",
    "points": [
      [
        141.6,
        207.7
      ],
      [
        143.8,
        204.0
      ],
      [
        143.4,
        200.0
      ],
      [
        142.6,
        194.7
      ],
      [
        142.9,
        190.9
      ],
      [
        145.2,
        186.2
      ],
      [
        146.5,
        180.3
      ]
    ]
  },
  {
    "i": 392,
    "type": "trade",
    "name": "",
    "group": "trails",
    "points": [
      [
        525.4,
        382.2
      ],
      [
        522.2,
        381.9
      ],
      [
        519.0,
        381.7
      ],
      [
        513.9,
        381.1
      ]
    ]
  },
  {
    "i": 393,
    "type": "trade",
    "name": "",
    "group": "trails",
    "points": [
      [
        561.6,
        272.0
      ],
      [
        555.1,
        274.7
      ]
    ]
  },
  {
    "i": 394,
    "type": "trade",
    "name": "",
    "group": "trails",
    "points": [
      [
        127.8,
        260.4
      ],
      [
        127.6,
        258.9
      ],
      [
        126.1,
        255
      ],
      [
        129.5,
        252.3
      ],
      [
        136.0,
        250.1
      ]
    ]
  },
  {
    "i": 395,
    "type": "trade",
    "name": "",
    "group": "trails",
    "points": [
      [
        503.3,
        413.1
      ],
      [
        495.3,
        412.7
      ]
    ]
  },
  {
    "i": 396,
    "type": "trade",
    "name": "",
    "group": "trails",
    "points": [
      [
        556.4,
        246.7
      ],
      [
        559.8,
        254.7
      ]
    ]
  },
  {
    "i": 397,
    "type": "military",
    "name": "",
    "group": "trails",
    "points": [
      [
        498.1,
        128.9
      ],
      [
        502.6,
        131.1
      ]
    ]
  },
  {
    "i": 398,
    "type": "trade",
    "name": "",
    "group": "trails",
    "points": [
      [
        296.0,
        85.0
      ],
      [
        306.1,
        87.4
      ]
    ]
  },
  {
    "i": 399,
    "type": "trade",
    "name": "",
    "group": "trails",
    "points": [
      [
        529.9,
        380.4
      ],
      [
        525.4,
        382.2
      ]
    ]
  },
  {
    "i": 400,
    "type": "trade",
    "name": "",
    "group": "trails",
    "points": [
      [
        531.9,
        348.9
      ],
      [
        532.8,
        355.3
      ],
      [
        531.8,
        357.6
      ],
      [
        528.4,
        363.6
      ]
    ]
  },
  {
    "i": 401,
    "type": "trade",
    "name": "",
    "group": "trails",
    "points": [
      [
        541.0,
        366.6
      ],
      [
        533.5,
        364.4
      ],
      [
        528.4,
        363.6
      ]
    ]
  },
  {
    "i": 402,
    "type": "trade",
    "name": "",
    "group": "trails",
    "points": [
      [
        533.5,
        364.4
      ],
      [
        532.2,
        370.1
      ],
      [
        531.1,
        373.2
      ],
      [
        531.6,
        376.5
      ],
      [
        529.9,
        380.4
      ]
    ]
  },
  {
    "i": 403,
    "type": "trade",
    "name": "",
    "group": "trails",
    "points": [
      [
        127.5,
        232.4
      ],
      [
        134.0,
        227.6
      ]
    ]
  },
  {
    "i": 404,
    "type": "trade",
    "name": "",
    "group": "trails",
    "points": [
      [
        161.0,
        160.7
      ],
      [
        162.0,
        155.9
      ],
      [
        167.9,
        148.6
      ]
    ]
  },
  {
    "i": 405,
    "type": "military",
    "name": "",
    "group": "trails",
    "points": [
      [
        550.5,
        318.0
      ],
      [
        553.9,
        328.4
      ]
    ]
  },
  {
    "i": 406,
    "type": "trade",
    "name": "",
    "group": "trails",
    "points": [
      [
        560.4,
        312.5
      ],
      [
        557.0,
        316.4
      ],
      [
        550.5,
        318.0
      ]
    ]
  },
  {
    "i": 407,
    "type": "trade",
    "name": "",
    "group": "trails",
    "points": [
      [
        492.0,
        101.7
      ],
      [
        495.1,
        103.1
      ]
    ]
  },
  {
    "i": 408,
    "type": "trade",
    "name": "",
    "group": "trails",
    "points": [
      [
        492.0,
        101.7
      ],
      [
        491.7,
        98.1
      ],
      [
        494.9,
        98.7
      ],
      [
        498.2,
        98.8
      ],
      [
        498.6,
        95.3
      ]
    ]
  },
  {
    "i": 409,
    "type": "military",
    "name": "",
    "group": "trails",
    "points": [
      [
        483.1,
        111.3
      ],
      [
        487.2,
        109.1
      ],
      [
        490.4,
        107.9
      ],
      [
        492.1,
        105.9
      ],
      [
        492.0,
        101.7
      ]
    ]
  },
  {
    "i": 410,
    "type": "trade",
    "name": "",
    "group": "trails",
    "points": [
      [
        575.4,
        231.2
      ],
      [
        570.7,
        227.4
      ],
      [
        564.8,
        226.1
      ]
    ]
  },
  {
    "i": 411,
    "type": "trade",
    "name": "",
    "group": "trails",
    "points": [
      [
        507.2,
        121.2
      ],
      [
        510.3,
        128.6
      ]
    ]
  },
  {
    "i": 412,
    "type": "trade",
    "name": "",
    "group": "trails",
    "points": [
      [
        140.7,
        171.9
      ],
      [
        143.6,
        167.2
      ],
      [
        149.8,
        164.2
      ]
    ]
  },
  {
    "i": 413,
    "type": "trade",
    "name": "",
    "group": "trails",
    "points": [
      [
        540.1,
        379.8
      ],
      [
        537.9,
        376.9
      ],
      [
        534.8,
        375.5
      ],
      [
        531.6,
        376.5
      ]
    ]
  },
  {
    "i": 414,
    "type": "trade",
    "name": "",
    "group": "trails",
    "points": [
      [
        163.6,
        141.1
      ],
      [
        163.7,
        137.5
      ]
    ]
  },
  {
    "i": 415,
    "type": "trade",
    "name": "",
    "group": "trails",
    "points": [
      [
        163.6,
        141.1
      ],
      [
        162,
        139.6
      ],
      [
        157.0,
        134.2
      ]
    ]
  },
  {
    "i": 416,
    "type": "trade",
    "name": "",
    "group": "trails",
    "points": [
      [
        564.5,
        214.4
      ],
      [
        555.7,
        216.7
      ]
    ]
  },
  {
    "i": 417,
    "type": "trade",
    "name": "",
    "group": "trails",
    "points": [
      [
        535.3,
        157.7
      ],
      [
        540.6,
        160.9
      ],
      [
        547.9,
        160.9
      ],
      [
        551.9,
        160.0
      ],
      [
        556.5,
        160.3
      ]
    ]
  },
  {
    "i": 418,
    "type": "trade",
    "name": "",
    "group": "trails",
    "points": [
      [
        535.3,
        157.7
      ],
      [
        535.9,
        153.4
      ],
      [
        534.5,
        150.2
      ],
      [
        533.9,
        141.1
      ],
      [
        532.8,
        135.8
      ]
    ]
  },
  {
    "i": 419,
    "type": "trade",
    "name": "",
    "group": "trails",
    "points": [
      [
        549.8,
        341.1
      ],
      [
        548.8,
        344.8
      ],
      [
        549.7,
        347.2
      ],
      [
        552.4,
        353.5
      ],
      [
        552.6,
        358.2
      ],
      [
        550.7,
        362.4
      ],
      [
        547.5,
        366.9
      ],
      [
        541.0,
        366.6
      ]
    ]
  },
  {
    "i": 420,
    "type": "trade",
    "name": "",
    "group": "trails",
    "points": [
      [
        564.8,
        296.4
      ],
      [
        565.4,
        304.0
      ],
      [
        560.4,
        312.5
      ]
    ]
  },
  {
    "i": 421,
    "type": "trade",
    "name": "",
    "group": "trails",
    "points": [
      [
        140.7,
        171.9
      ],
      [
        135.0,
        172.4
      ],
      [
        132.0,
        173.6
      ],
      [
        129.2,
        176.4
      ]
    ]
  },
  {
    "i": 422,
    "type": "trade",
    "name": "",
    "group": "trails",
    "points": [
      [
        150.9,
        170.0
      ],
      [
        140.7,
        171.9
      ]
    ]
  },
  {
    "i": 423,
    "type": "trade",
    "name": "",
    "group": "trails",
    "points": [
      [
        462.4,
        440.4
      ],
      [
        463.4,
        445.2
      ],
      [
        466.9,
        449.6
      ]
    ]
  },
  {
    "i": 424,
    "type": "trade",
    "name": "",
    "group": "trails",
    "points": [
      [
        555.1,
        292.1
      ],
      [
        564.8,
        296.4
      ]
    ]
  },
  {
    "i": 425,
    "type": "trade",
    "name": "",
    "group": "trails",
    "points": [
      [
        564.5,
        214.4
      ],
      [
        564.8,
        220.4
      ]
    ]
  },
  {
    "i": 426,
    "type": "trade",
    "name": "",
    "group": "trails",
    "points": [
      [
        571.2,
        279.4
      ],
      [
        571.0,
        285.6
      ],
      [
        568.9,
        292.2
      ],
      [
        564.8,
        296.4
      ]
    ]
  },
  {
    "i": 427,
    "type": "trade",
    "name": "",
    "group": "trails",
    "points": [
      [
        520.8,
        410.8
      ],
      [
        522.2,
        405.9
      ]
    ]
  },
  {
    "i": 428,
    "type": "trade",
    "name": "",
    "group": "trails",
    "points": [
      [
        507.4,
        406.0
      ],
      [
        503.3,
        413.1
      ]
    ]
  },
  {
    "i": 429,
    "type": "trade",
    "name": "",
    "group": "trails",
    "points": [
      [
        145.2,
        186.2
      ],
      [
        142.0,
        185.8
      ],
      [
        136.8,
        182.0
      ],
      [
        135.7,
        179.1
      ],
      [
        135.0,
        172.4
      ],
      [
        133.3,
        166.0
      ],
      [
        134.3,
        161.0
      ],
      [
        140.2,
        159.6
      ],
      [
        149.8,
        164.2
      ]
    ]
  },
  {
    "i": 430,
    "type": "trade",
    "name": "",
    "group": "trails",
    "points": [
      [
        563.1,
        197.2
      ],
      [
        558.6,
        199
      ],
      [
        556.6,
        201.4
      ],
      [
        553.4,
        205.7
      ]
    ]
  },
  {
    "i": 431,
    "type": "trade",
    "name": "",
    "group": "trails",
    "points": [
      [
        120.1,
        302.3
      ],
      [
        124.4,
        301.3
      ],
      [
        127.2,
        301.7
      ],
      [
        129.1,
        301.1
      ],
      [
        137.8,
        298.0
      ]
    ]
  },
  {
    "i": 432,
    "type": "trade",
    "name": "",
    "group": "trails",
    "points": [
      [
        121.1,
        226.2
      ],
      [
        119.1,
        231.2
      ]
    ]
  },
  {
    "i": 433,
    "type": "trade",
    "name": "",
    "group": "trails",
    "points": [
      [
        126.1,
        255
      ],
      [
        116.9,
        250.5
      ],
      [
        116.0,
        246.1
      ],
      [
        112.7,
        242.2
      ],
      [
        111.5,
        238.7
      ],
      [
        114.2,
        233.5
      ],
      [
        119.1,
        231.2
      ]
    ]
  },
  {
    "i": 434,
    "type": "trade",
    "name": "",
    "group": "trails",
    "points": [
      [
        121.1,
        226.2
      ],
      [
        127.5,
        232.4
      ]
    ]
  },
  {
    "i": 435,
    "type": "trade",
    "name": "",
    "group": "trails",
    "points": [
      [
        131.5,
        345.1
      ],
      [
        134,
        346.8
      ]
    ]
  },
  {
    "i": 436,
    "type": "trade",
    "name": "",
    "group": "trails",
    "points": [
      [
        131.5,
        345.1
      ],
      [
        126.3,
        345.4
      ]
    ]
  },
  {
    "i": 437,
    "type": "trade",
    "name": "",
    "group": "trails",
    "points": [
      [
        128.1,
        189.8
      ],
      [
        132.3,
        184.3
      ],
      [
        136.8,
        182.0
      ]
    ]
  },
  {
    "i": 438,
    "type": "trade",
    "name": "",
    "group": "trails",
    "points": [
      [
        540.1,
        379.8
      ],
      [
        544.8,
        379.2
      ]
    ]
  },
  {
    "i": 439,
    "type": "trade",
    "name": "",
    "group": "trails",
    "points": [
      [
        547.5,
        366.9
      ],
      [
        547.2,
        370.5
      ],
      [
        548.4,
        374.1
      ],
      [
        544.8,
        379.2
      ]
    ]
  },
  {
    "i": 440,
    "type": "trade",
    "name": "",
    "group": "trails",
    "points": [
      [
        561.6,
        272.0
      ],
      [
        565.4,
        271.8
      ],
      [
        568.6,
        274.4
      ],
      [
        571.2,
        279.4
      ]
    ]
  },
  {
    "i": 441,
    "type": "trade",
    "name": "",
    "group": "trails",
    "points": [
      [
        576.9,
        275.3
      ],
      [
        571.2,
        279.4
      ]
    ]
  },
  {
    "i": 442,
    "type": "trade",
    "name": "",
    "group": "trails",
    "points": [
      [
        111.8,
        250.2
      ],
      [
        116.9,
        250.5
      ]
    ]
  },
  {
    "i": 443,
    "type": "military",
    "name": "",
    "group": "trails",
    "points": [
      [
        471.8,
        449.7
      ],
      [
        469.8,
        459.1
      ]
    ]
  },
  {
    "i": 444,
    "type": "trade",
    "name": "",
    "group": "trails",
    "points": [
      [
        112.3,
        332.3
      ],
      [
        118.1,
        330.5
      ],
      [
        126.5,
        328.3
      ]
    ]
  },
  {
    "i": 445,
    "type": "trade",
    "name": "",
    "group": "trails",
    "points": [
      [
        127.3,
        324.3
      ],
      [
        125.1,
        320.5
      ],
      [
        124.6,
        315.7
      ],
      [
        121.9,
        312.1
      ],
      [
        121.0,
        305.9
      ],
      [
        120.1,
        302.3
      ],
      [
        115.8,
        298.5
      ],
      [
        113.0,
        295.8
      ],
      [
        112.8,
        289.7
      ],
      [
        111.5,
        285.4
      ],
      [
        105.6,
        279.2
      ],
      [
        103.0,
        276.9
      ],
      [
        98.2,
        274.9
      ],
      [
        98.2,
        270.8
      ],
      [
        103.2,
        263.5
      ],
      [
        108.2,
        255.4
      ],
      [
        111.8,
        250.2
      ]
    ]
  },
  {
    "i": 446,
    "type": "trade",
    "name": "",
    "group": "trails",
    "points": [
      [
        530.2,
        123.7
      ],
      [
        529.2,
        119.1
      ],
      [
        532.6,
        115.8
      ],
      [
        533.8,
        110.1
      ],
      [
        538.1,
        107.2
      ],
      [
        543.1,
        107.0
      ],
      [
        548.3,
        109.9
      ],
      [
        548.1,
        116.2
      ]
    ]
  },
  {
    "i": 447,
    "type": "trade",
    "name": "",
    "group": "trails",
    "points": [
      [
        138.0,
        153.3
      ],
      [
        140.2,
        159.6
      ]
    ]
  },
  {
    "i": 448,
    "type": "trade",
    "name": "",
    "group": "trails",
    "points": [
      [
        151.0,
        132.7
      ],
      [
        154.1,
        134.8
      ],
      [
        157.0,
        134.2
      ]
    ]
  },
  {
    "i": 449,
    "type": "trade",
    "name": "",
    "group": "trails",
    "points": [
      [
        138.0,
        153.3
      ],
      [
        143.1,
        151.6
      ]
    ]
  },
  {
    "i": 450,
    "type": "trade",
    "name": "",
    "group": "trails",
    "points": [
      [
        111.5,
        285.4
      ],
      [
        116.5,
        280.7
      ],
      [
        119.1,
        276.5
      ],
      [
        119.6,
        273.5
      ],
      [
        122.8,
        267.8
      ],
      [
        126.2,
        264.5
      ],
      [
        127.8,
        260.4
      ]
    ]
  },
  {
    "i": 451,
    "type": "trade",
    "name": "",
    "group": "trails",
    "points": [
      [
        492.2,
        418.6
      ],
      [
        496.4,
        422.5
      ],
      [
        502.9,
        422.7
      ],
      [
        511.8,
        425.5
      ],
      [
        517.2,
        426.3
      ],
      [
        515.2,
        432.6
      ],
      [
        516.1,
        440.5
      ],
      [
        513.6,
        446.6
      ],
      [
        509.9,
        449.8
      ],
      [
        506.8,
        447.6
      ],
      [
        504.7,
        442.5
      ],
      [
        499.8,
        441.3
      ],
      [
        495.2,
        445.2
      ],
      [
        493,
        451.4
      ],
      [
        490.3,
        455.7
      ],
      [
        486.9,
        456.1
      ]
    ]
  },
  {
    "i": 452,
    "type": "trade",
    "name": "",
    "group": "trails",
    "points": [
      [
        576.9,
        275.3
      ],
      [
        580.9,
        276.4
      ],
      [
        581.4,
        278.1
      ]
    ]
  },
  {
    "i": 453,
    "type": "trade",
    "name": "",
    "group": "trails",
    "points": [
      [
        578.1,
        269.0
      ],
      [
        576.9,
        275.3
      ]
    ]
  },
  {
    "i": 454,
    "type": "trade",
    "name": "",
    "group": "trails",
    "points": [
      [
        578.3,
        254.7
      ],
      [
        576.1,
        261.6
      ],
      [
        578.1,
        269.0
      ]
    ]
  },
  {
    "i": 455,
    "type": "trade",
    "name": "",
    "group": "trails",
    "points": [
      [
        130.4,
        165.3
      ],
      [
        133.3,
        166.0
      ]
    ]
  },
  {
    "i": 456,
    "type": "trade",
    "name": "",
    "group": "trails",
    "points": [
      [
        116.3,
        190.8
      ],
      [
        123.3,
        191.4
      ],
      [
        128.1,
        189.8
      ]
    ]
  },
  {
    "i": 457,
    "type": "trade",
    "name": "",
    "group": "trails",
    "points": [
      [
        562.9,
        320.9
      ],
      [
        564.9,
        317.9
      ],
      [
        568.1,
        316.2
      ],
      [
        572.4,
        316.4
      ],
      [
        577.2,
        316.6
      ],
      [
        580,
        317.2
      ],
      [
        584,
        317.9
      ]
    ]
  },
  {
    "i": 458,
    "type": "trade",
    "name": "",
    "group": "trails",
    "points": [
      [
        570.5,
        190.1
      ],
      [
        567.8,
        194.7
      ],
      [
        563.1,
        197.2
      ]
    ]
  },
  {
    "i": 459,
    "type": "trade",
    "name": "",
    "group": "trails",
    "points": [
      [
        590.4,
        267.0
      ],
      [
        590.4,
        275.8
      ],
      [
        580.9,
        276.4
      ],
      [
        578.1,
        269.0
      ]
    ]
  },
  {
    "i": 460,
    "type": "trade",
    "name": "",
    "group": "trails",
    "points": [
      [
        479.1,
        455.0
      ],
      [
        486.9,
        456.1
      ],
      [
        485.1,
        462.3
      ]
    ]
  },
  {
    "i": 461,
    "type": "trade",
    "name": "",
    "group": "trails",
    "points": [
      [
        477.0,
        447.1
      ],
      [
        479.1,
        455.0
      ],
      [
        475.1,
        457.9
      ],
      [
        469.8,
        459.1
      ]
    ]
  },
  {
    "i": 462,
    "type": "trade",
    "name": "",
    "group": "trails",
    "points": [
      [
        149.1,
        143.7
      ],
      [
        151.0,
        132.7
      ],
      [
        147.3,
        134.5
      ],
      [
        143.6,
        134.2
      ]
    ]
  },
  {
    "i": 463,
    "type": "trade",
    "name": "",
    "group": "trails",
    "points": [
      [
        138.0,
        153.3
      ],
      [
        133.8,
        148.7
      ],
      [
        136.8,
        141.8
      ],
      [
        139.1,
        140.6
      ]
    ]
  },
  {
    "i": 464,
    "type": "trade",
    "name": "",
    "group": "trails",
    "points": [
      [
        529.4,
        409.6
      ],
      [
        527.6,
        414.8
      ],
      [
        525.6,
        419.8
      ],
      [
        524.4,
        422.5
      ],
      [
        522.4,
        424.4
      ],
      [
        517.2,
        426.3
      ]
    ]
  },
  {
    "i": 465,
    "type": "trade",
    "name": "",
    "group": "trails",
    "points": [
      [
        150.0,
        125.6
      ],
      [
        147.5,
        127.1
      ],
      [
        141.0,
        126.7
      ]
    ]
  },
  {
    "i": 466,
    "type": "trade",
    "name": "",
    "group": "trails",
    "points": [
      [
        273.2,
        44.9
      ],
      [
        269.4,
        45.4
      ],
      [
        264.1,
        46.3
      ],
      [
        258.7,
        45.4
      ],
      [
        247.7,
        44.7
      ],
      [
        244.4,
        42.6
      ]
    ]
  },
  {
    "i": 467,
    "type": "trade",
    "name": "",
    "group": "trails",
    "points": [
      [
        530.2,
        123.7
      ],
      [
        529.9,
        127.5
      ],
      [
        532.0,
        131.5
      ],
      [
        532.8,
        135.8
      ]
    ]
  },
  {
    "i": 468,
    "type": "trade",
    "name": "",
    "group": "trails",
    "points": [
      [
        575.4,
        231.2
      ],
      [
        581.5,
        239.1
      ],
      [
        584.8,
        243.3
      ],
      [
        589.8,
        245.2
      ],
      [
        587.5,
        248.7
      ],
      [
        584.5,
        251.2
      ],
      [
        583.1,
        254.4
      ]
    ]
  },
  {
    "i": 469,
    "type": "trade",
    "name": "",
    "group": "trails",
    "points": [
      [
        130.4,
        165.3
      ],
      [
        126.2,
        161.9
      ],
      [
        120.3,
        162.0
      ],
      [
        116.5,
        167.9
      ],
      [
        110.8,
        167.2
      ],
      [
        107.2,
        169.8
      ]
    ]
  },
  {
    "i": 470,
    "type": "trade",
    "name": "",
    "group": "trails",
    "points": [
      [
        590.4,
        275.8
      ],
      [
        581.4,
        278.1
      ]
    ]
  },
  {
    "i": 471,
    "type": "trade",
    "name": "",
    "group": "trails",
    "points": [
      [
        471.1,
        474.2
      ],
      [
        469.2,
        472.1
      ],
      [
        468.1,
        466.6
      ],
      [
        469.8,
        459.1
      ]
    ]
  },
  {
    "i": 472,
    "type": "trade",
    "name": "",
    "group": "trails",
    "points": [
      [
        493.7,
        459.1
      ],
      [
        490.3,
        455.7
      ]
    ]
  },
  {
    "i": 473,
    "type": "trade",
    "name": "",
    "group": "trails",
    "points": [
      [
        562.6,
        147.4
      ],
      [
        562.6,
        154.1
      ],
      [
        556.5,
        160.3
      ]
    ]
  },
  {
    "i": 474,
    "type": "trade",
    "name": "",
    "group": "trails",
    "points": [
      [
        111.5,
        238.7
      ],
      [
        104.8,
        237.1
      ],
      [
        99.0,
        236.9
      ],
      [
        95.8,
        237.5
      ],
      [
        90.0,
        239.5
      ],
      [
        86.8,
        245.7
      ],
      [
        80.6,
        249.4
      ],
      [
        78.0,
        252.3
      ],
      [
        73.4,
        250.0
      ],
      [
        71.3,
        246.7
      ],
      [
        64,
        242.4
      ],
      [
        60.6,
        240.6
      ],
      [
        55.5,
        236.4
      ],
      [
        45.2,
        229.6
      ],
      [
        49.1,
        227.4
      ],
      [
        48.9,
        223.4
      ],
      [
        50.6,
        222.6
      ],
      [
        54.6,
        221.4
      ],
      [
        58.5,
        220.1
      ],
      [
        60.6,
        217.9
      ],
      [
        61.6,
        214.1
      ]
    ]
  },
  {
    "i": 475,
    "type": "trade",
    "name": "",
    "group": "trails",
    "points": [
      [
        133.8,
        148.7
      ],
      [
        129.7,
        146.4
      ],
      [
        124.7,
        148.2
      ],
      [
        121.6,
        151.8
      ]
    ]
  },
  {
    "i": 476,
    "type": "trade",
    "name": "",
    "group": "trails",
    "points": [
      [
        519.2,
        440.8
      ],
      [
        516.1,
        440.5
      ]
    ]
  },
  {
    "i": 477,
    "type": "trade",
    "name": "",
    "group": "trails",
    "points": [
      [
        502.0,
        457.1
      ],
      [
        498.3,
        459.2
      ],
      [
        493.7,
        459.1
      ],
      [
        499.6,
        465.3
      ],
      [
        494.9,
        471.4
      ],
      [
        495.7,
        478.2
      ]
    ]
  },
  {
    "i": 478,
    "type": "trade",
    "name": "",
    "group": "trails",
    "points": [
      [
        581.5,
        182.4
      ],
      [
        577.9,
        185.6
      ],
      [
        570.5,
        190.1
      ]
    ]
  },
  {
    "i": 479,
    "type": "trade",
    "name": "",
    "group": "trails",
    "points": [
      [
        561,
        133.3
      ],
      [
        556.8,
        136.3
      ],
      [
        551.1,
        139.5
      ],
      [
        546.5,
        139.2
      ],
      [
        542.3,
        139.9
      ],
      [
        533.9,
        141.1
      ]
    ]
  },
  {
    "i": 480,
    "type": "military",
    "name": "",
    "group": "trails",
    "points": [
      [
        527.1,
        103.8
      ],
      [
        533.8,
        110.1
      ]
    ]
  },
  {
    "i": 481,
    "type": "trade",
    "name": "",
    "group": "trails",
    "points": [
      [
        136.6,
        138.1
      ],
      [
        141.0,
        126.7
      ]
    ]
  },
  {
    "i": 482,
    "type": "trade",
    "name": "",
    "group": "trails",
    "points": [
      [
        565.5,
        132.2
      ],
      [
        561,
        133.3
      ],
      [
        559.2,
        130.5
      ],
      [
        559.7,
        126
      ]
    ]
  },
  {
    "i": 483,
    "type": "trade",
    "name": "",
    "group": "trails",
    "points": [
      [
        597.8,
        242.1
      ],
      [
        594.3,
        243.9
      ],
      [
        589.8,
        245.2
      ]
    ]
  },
  {
    "i": 484,
    "type": "trade",
    "name": "",
    "group": "trails",
    "points": [
      [
        106.7,
        163.8
      ],
      [
        110.8,
        167.2
      ]
    ]
  },
  {
    "i": 485,
    "type": "trade",
    "name": "",
    "group": "trails",
    "points": [
      [
        587.0,
        256.8
      ],
      [
        588.6,
        260.9
      ],
      [
        590.4,
        267.0
      ]
    ]
  },
  {
    "i": 486,
    "type": "trade",
    "name": "",
    "group": "trails",
    "points": [
      [
        604.5,
        262.9
      ],
      [
        601.7,
        263.9
      ],
      [
        599.7,
        265.6
      ],
      [
        592.7,
        267.0
      ],
      [
        590.4,
        267.0
      ]
    ]
  },
  {
    "i": 487,
    "type": "trade",
    "name": "",
    "group": "trails",
    "points": [
      [
        581.5,
        182.4
      ],
      [
        584.9,
        178.6
      ]
    ]
  },
  {
    "i": 488,
    "type": "trade",
    "name": "",
    "group": "trails",
    "points": [
      [
        116.3,
        190.8
      ],
      [
        114.8,
        184.6
      ],
      [
        109.5,
        179.1
      ],
      [
        105.3,
        176.7
      ],
      [
        107.2,
        169.8
      ]
    ]
  },
  {
    "i": 489,
    "type": "trade",
    "name": "",
    "group": "trails",
    "points": [
      [
        98.2,
        274.9
      ],
      [
        93.3,
        276.3
      ],
      [
        90.9,
        278.2
      ],
      [
        90.1,
        281.6
      ],
      [
        91.8,
        288.7
      ],
      [
        85.1,
        284.6
      ]
    ]
  },
  {
    "i": 490,
    "type": "trade",
    "name": "",
    "group": "trails",
    "points": [
      [
        595.5,
        211.7
      ],
      [
        589.8,
        213.5
      ],
      [
        583.5,
        212.2
      ],
      [
        575.9,
        213.0
      ]
    ]
  },
  {
    "i": 491,
    "type": "trade",
    "name": "",
    "group": "trails",
    "points": [
      [
        519.2,
        440.8
      ],
      [
        530.0,
        440.9
      ],
      [
        525.3,
        452.0
      ],
      [
        522.2,
        459.8
      ],
      [
        515.3,
        460.1
      ],
      [
        509.9,
        464.6
      ],
      [
        504.6,
        466.2
      ],
      [
        499.6,
        465.3
      ]
    ]
  },
  {
    "i": 492,
    "type": "trade",
    "name": "",
    "group": "trails",
    "points": [
      [
        126.2,
        161.9
      ],
      [
        121.6,
        151.8
      ]
    ]
  },
  {
    "i": 493,
    "type": "trade",
    "name": "",
    "group": "trails",
    "points": [
      [
        113.8,
        191.3
      ],
      [
        106.8,
        189.8
      ],
      [
        100.1,
        191.2
      ],
      [
        98.7,
        183.8
      ]
    ]
  },
  {
    "i": 494,
    "type": "trade",
    "name": "",
    "group": "trails",
    "points": [
      [
        562.6,
        154.1
      ],
      [
        571.3,
        158.8
      ]
    ]
  },
  {
    "i": 495,
    "type": "trade",
    "name": "",
    "group": "trails",
    "points": [
      [
        562.3,
        118.7
      ],
      [
        559.1,
        120.8
      ],
      [
        553.9,
        120.0
      ],
      [
        548.1,
        116.2
      ]
    ]
  },
  {
    "i": 496,
    "type": "trade",
    "name": "",
    "group": "trails",
    "points": [
      [
        91.8,
        288.7
      ],
      [
        89.4,
        293.7
      ]
    ]
  },
  {
    "i": 497,
    "type": "trade",
    "name": "",
    "group": "trails",
    "points": [
      [
        100.6,
        344.9
      ],
      [
        103.8,
        341.4
      ],
      [
        103.8,
        339.2
      ],
      [
        105.2,
        337.0
      ],
      [
        112.3,
        332.3
      ],
      [
        106.6,
        327.9
      ],
      [
        102.3,
        327.3
      ],
      [
        99.1,
        324.0
      ],
      [
        97.0,
        321.3
      ],
      [
        94.0,
        319.9
      ],
      [
        91.8,
        317.6
      ],
      [
        88.8,
        316.6
      ],
      [
        87.3,
        313.9
      ],
      [
        87.4,
        309.6
      ],
      [
        85.2,
        305.3
      ],
      [
        84.1,
        303.3
      ],
      [
        83.3,
        299.1
      ],
      [
        84.9,
        296.1
      ],
      [
        89.4,
        293.7
      ]
    ]
  },
  {
    "i": 498,
    "type": "trade",
    "name": "",
    "group": "trails",
    "points": [
      [
        101.2,
        180.2
      ],
      [
        105.3,
        176.7
      ]
    ]
  },
  {
    "i": 499,
    "type": "trade",
    "name": "",
    "group": "trails",
    "points": [
      [
        95.1,
        209.6
      ],
      [
        100.5,
        208.5
      ],
      [
        103.5,
        206.0
      ],
      [
        105.5,
        201.7
      ],
      [
        105.4,
        195.6
      ]
    ]
  },
  {
    "i": 500,
    "type": "trade",
    "name": "",
    "group": "trails",
    "points": [
      [
        577.5,
        149.1
      ],
      [
        572.5,
        154.3
      ],
      [
        571.3,
        158.8
      ]
    ]
  },
  {
    "i": 501,
    "type": "trade",
    "name": "",
    "group": "trails",
    "points": [
      [
        559.1,
        120.8
      ],
      [
        559.7,
        126
      ]
    ]
  },
  {
    "i": 502,
    "type": "trade",
    "name": "",
    "group": "trails",
    "points": [
      [
        595.5,
        211.7
      ],
      [
        596.3,
        215.4
      ],
      [
        594.4,
        220.0
      ]
    ]
  },
  {
    "i": 503,
    "type": "trade",
    "name": "",
    "group": "trails",
    "points": [
      [
        595.5,
        211.7
      ],
      [
        598.0,
        208.6
      ]
    ]
  },
  {
    "i": 504,
    "type": "trade",
    "name": "",
    "group": "trails",
    "points": [
      [
        105.9,
        354.2
      ],
      [
        104.1,
        350.6
      ],
      [
        103.2,
        347.6
      ],
      [
        100.6,
        344.9
      ]
    ]
  },
  {
    "i": 505,
    "type": "military",
    "name": "",
    "group": "trails",
    "points": [
      [
        105.9,
        354.2
      ],
      [
        107.6,
        357.7
      ],
      [
        106.2,
        362.3
      ]
    ]
  },
  {
    "i": 506,
    "type": "military",
    "name": "",
    "group": "trails",
    "points": [
      [
        127.4,
        348.5
      ],
      [
        124.1,
        351.2
      ],
      [
        120.9,
        353
      ],
      [
        117.8,
        354.8
      ],
      [
        114.1,
        355
      ],
      [
        110.4,
        355.2
      ],
      [
        105.9,
        354.2
      ]
    ]
  },
  {
    "i": 507,
    "type": "trade",
    "name": "",
    "group": "trails",
    "points": [
      [
        573.9,
        141.6
      ],
      [
        562.6,
        147.4
      ]
    ]
  },
  {
    "i": 508,
    "type": "trade",
    "name": "",
    "group": "trails",
    "points": [
      [
        101.2,
        180.2
      ],
      [
        98.7,
        183.8
      ],
      [
        94.2,
        182.7
      ],
      [
        88.8,
        180.7
      ]
    ]
  },
  {
    "i": 509,
    "type": "trade",
    "name": "",
    "group": "trails",
    "points": [
      [
        573.9,
        141.6
      ],
      [
        574.4,
        146.4
      ],
      [
        577.5,
        149.1
      ],
      [
        580.0,
        150.1
      ],
      [
        582.6,
        150.2
      ],
      [
        586.2,
        155.5
      ]
    ]
  },
  {
    "i": 510,
    "type": "trade",
    "name": "",
    "group": "trails",
    "points": [
      [
        548.2,
        432.5
      ],
      [
        549.9,
        430.5
      ],
      [
        550.6,
        425.9
      ],
      [
        546.6,
        412.7
      ]
    ]
  },
  {
    "i": 511,
    "type": "trade",
    "name": "",
    "group": "trails",
    "points": [
      [
        126.7,
        140.9
      ],
      [
        125.3,
        136.9
      ]
    ]
  },
  {
    "i": 512,
    "type": "trade",
    "name": "",
    "group": "trails",
    "points": [
      [
        565.5,
        132.2
      ],
      [
        569.4,
        135.3
      ],
      [
        571.1,
        139.1
      ],
      [
        573.9,
        141.6
      ]
    ]
  },
  {
    "i": 513,
    "type": "trade",
    "name": "",
    "group": "trails",
    "points": [
      [
        119.7,
        132.6
      ],
      [
        116.5,
        132.2
      ]
    ]
  },
  {
    "i": 514,
    "type": "trade",
    "name": "",
    "group": "trails",
    "points": [
      [
        213.3,
        37.6
      ],
      [
        219.3,
        41.7
      ],
      [
        222.0,
        44.2
      ],
      [
        223.7,
        48.6
      ],
      [
        227.1,
        51.2
      ],
      [
        230.8,
        47.5
      ],
      [
        234.9,
        46.3
      ],
      [
        239.1,
        46.0
      ],
      [
        244.4,
        42.6
      ]
    ]
  },
  {
    "i": 515,
    "type": "trade",
    "name": "",
    "group": "trails",
    "points": [
      [
        543.1,
        107.0
      ],
      [
        539.6,
        102.7
      ]
    ]
  },
  {
    "i": 516,
    "type": "military",
    "name": "",
    "group": "trails",
    "points": [
      [
        540.7,
        99.5
      ],
      [
        547.9,
        95.0
      ]
    ]
  },
  {
    "i": 517,
    "type": "trade",
    "name": "",
    "group": "trails",
    "points": [
      [
        469.2,
        472.1
      ],
      [
        458.4,
        472.9
      ]
    ]
  },
  {
    "i": 518,
    "type": "military",
    "name": "",
    "group": "trails",
    "points": [
      [
        604.5,
        262.9
      ],
      [
        605.4,
        257.0
      ]
    ]
  },
  {
    "i": 519,
    "type": "trade",
    "name": "",
    "group": "trails",
    "points": [
      [
        601.7,
        253.7
      ],
      [
        601.9,
        252.7
      ],
      [
        607.6,
        248.5
      ]
    ]
  },
  {
    "i": 520,
    "type": "trade",
    "name": "",
    "group": "trails",
    "points": [
      [
        606.5,
        235.5
      ],
      [
        610.5,
        234.8
      ],
      [
        612.6,
        242.6
      ],
      [
        607.6,
        248.5
      ],
      [
        597.8,
        242.1
      ]
    ]
  },
  {
    "i": 521,
    "type": "trade",
    "name": "",
    "group": "trails",
    "points": [
      [
        586.4,
        313.9
      ],
      [
        584,
        317.9
      ]
    ]
  },
  {
    "i": 522,
    "type": "trade",
    "name": "",
    "group": "trails",
    "points": [
      [
        608.6,
        306.4
      ],
      [
        605.5,
        304.5
      ],
      [
        602.2,
        304.1
      ],
      [
        598.5,
        305.3
      ],
      [
        595.2,
        307.6
      ],
      [
        592.0,
        309.9
      ],
      [
        588.7,
        311.1
      ],
      [
        586.4,
        313.9
      ]
    ]
  },
  {
    "i": 523,
    "type": "trade",
    "name": "",
    "group": "trails",
    "points": [
      [
        602.5,
        288.5
      ],
      [
        608.3,
        286.7
      ]
    ]
  },
  {
    "i": 524,
    "type": "trade",
    "name": "",
    "group": "trails",
    "points": [
      [
        612.1,
        270.8
      ],
      [
        611.4,
        268.1
      ],
      [
        608.8,
        265.5
      ],
      [
        604.5,
        262.9
      ]
    ]
  },
  {
    "i": 525,
    "type": "trade",
    "name": "",
    "group": "trails",
    "points": [
      [
        529,
        454.7
      ],
      [
        525.3,
        452.0
      ]
    ]
  },
  {
    "i": 526,
    "type": "trade",
    "name": "",
    "group": "trails",
    "points": [
      [
        541.1,
        444.4
      ],
      [
        535.2,
        444.2
      ],
      [
        530.0,
        440.9
      ]
    ]
  },
  {
    "i": 527,
    "type": "trade",
    "name": "",
    "group": "trails",
    "points": [
      [
        610.8,
        221.2
      ],
      [
        607.7,
        218.9
      ],
      [
        601.1,
        218.8
      ],
      [
        594.4,
        220.0
      ]
    ]
  },
  {
    "i": 528,
    "type": "trade",
    "name": "",
    "group": "trails",
    "points": [
      [
        595.6,
        192.5
      ],
      [
        597.7,
        190.2
      ],
      [
        599.1,
        186.2
      ],
      [
        600.9,
        180.4
      ]
    ]
  },
  {
    "i": 529,
    "type": "trade",
    "name": "",
    "group": "trails",
    "points": [
      [
        611.8,
        278.7
      ],
      [
        604.7,
        279.9
      ],
      [
        608.3,
        286.7
      ]
    ]
  },
  {
    "i": 530,
    "type": "trade",
    "name": "",
    "group": "trails",
    "points": [
      [
        543.1,
        92
      ],
      [
        547.9,
        95.0
      ]
    ]
  },
  {
    "i": 531,
    "type": "trade",
    "name": "",
    "group": "trails",
    "points": [
      [
        73.3,
        232.5
      ],
      [
        77.2,
        235.7
      ],
      [
        82.0,
        239.6
      ],
      [
        90.0,
        239.5
      ],
      [
        92.3,
        232.1
      ],
      [
        93.5,
        226.9
      ],
      [
        95.3,
        221.3
      ],
      [
        95.8,
        214.1
      ],
      [
        95.1,
        209.6
      ]
    ]
  },
  {
    "i": 532,
    "type": "trade",
    "name": "",
    "group": "trails",
    "points": [
      [
        515.8,
        469.7
      ],
      [
        509.9,
        464.6
      ]
    ]
  },
  {
    "i": 533,
    "type": "trade",
    "name": "",
    "group": "trails",
    "points": [
      [
        529,
        454.7
      ],
      [
        532.4,
        453.7
      ],
      [
        539.4,
        454.6
      ]
    ]
  },
  {
    "i": 534,
    "type": "trade",
    "name": "",
    "group": "trails",
    "points": [
      [
        595.6,
        192.5
      ],
      [
        595.3,
        196.8
      ],
      [
        596.2,
        199.6
      ],
      [
        598.1,
        203.5
      ],
      [
        598.0,
        208.6
      ]
    ]
  },
  {
    "i": 535,
    "type": "trade",
    "name": "",
    "group": "trails",
    "points": [
      [
        569.9,
        113.2
      ],
      [
        570.4,
        108.4
      ],
      [
        570.9,
        103.6
      ],
      [
        571.7,
        101.0
      ],
      [
        574,
        99
      ]
    ]
  },
  {
    "i": 536,
    "type": "trade",
    "name": "",
    "group": "trails",
    "points": [
      [
        583.8,
        104.2
      ],
      [
        582.4,
        108.2
      ],
      [
        590.0,
        108.8
      ]
    ]
  },
  {
    "i": 537,
    "type": "trade",
    "name": "",
    "group": "trails",
    "points": [
      [
        610.8,
        221.2
      ],
      [
        614.7,
        224.9
      ],
      [
        614.4,
        229.3
      ],
      [
        610.5,
        234.8
      ]
    ]
  },
  {
    "i": 538,
    "type": "trade",
    "name": "",
    "group": "trails",
    "points": [
      [
        549.8,
        88.7
      ],
      [
        547.9,
        95.0
      ]
    ]
  },
  {
    "i": 539,
    "type": "trade",
    "name": "",
    "group": "trails",
    "points": [
      [
        564.0,
        411.8
      ],
      [
        569.3,
        417.4
      ],
      [
        567.8,
        422.5
      ],
      [
        568.9,
        427.1
      ],
      [
        573.3,
        428.2
      ],
      [
        577.8,
        427.0
      ]
    ]
  },
  {
    "i": 540,
    "type": "trade",
    "name": "",
    "group": "trails",
    "points": [
      [
        608.6,
        306.4
      ],
      [
        612.2,
        299.2
      ]
    ]
  },
  {
    "i": 541,
    "type": "trade",
    "name": "",
    "group": "trails",
    "points": [
      [
        106.7,
        163.8
      ],
      [
        105.8,
        160.6
      ]
    ]
  },
  {
    "i": 542,
    "type": "trade",
    "name": "",
    "group": "trails",
    "points": [
      [
        87.3,
        313.9
      ],
      [
        83.2,
        316.1
      ],
      [
        78.0,
        315.9
      ],
      [
        74.1,
        315.7
      ],
      [
        70.9,
        310.8
      ],
      [
        70.2,
        305.8
      ],
      [
        72.8,
        300.3
      ],
      [
        70.9,
        297.9
      ],
      [
        70.4,
        295.1
      ],
      [
        72.0,
        287.8
      ]
    ]
  },
  {
    "i": 543,
    "type": "trade",
    "name": "",
    "group": "trails",
    "points": [
      [
        515.8,
        469.7
      ],
      [
        518.0,
        470.8
      ],
      [
        519.7,
        470.6
      ],
      [
        521.4,
        473.4
      ],
      [
        523.1,
        480.7
      ]
    ]
  },
  {
    "i": 544,
    "type": "trade",
    "name": "",
    "group": "trails",
    "points": [
      [
        544.1,
        435.0
      ],
      [
        541.8,
        438.8
      ],
      [
        541.1,
        444.4
      ],
      [
        540.9,
        451.0
      ],
      [
        539.4,
        454.6
      ]
    ]
  },
  {
    "i": 545,
    "type": "trade",
    "name": "",
    "group": "trails",
    "points": [
      [
        555.6,
        432.9
      ],
      [
        550.9,
        435.3
      ],
      [
        544.1,
        435.0
      ]
    ]
  },
  {
    "i": 546,
    "type": "military",
    "name": "",
    "group": "trails",
    "points": [
      [
        582.6,
        150.2
      ],
      [
        586.7,
        151.6
      ]
    ]
  },
  {
    "i": 547,
    "type": "trade",
    "name": "",
    "group": "trails",
    "points": [
      [
        570.5,
        116.6
      ],
      [
        569.9,
        113.2
      ]
    ]
  },
  {
    "i": 548,
    "type": "trade",
    "name": "",
    "group": "trails",
    "points": [
      [
        562.3,
        118.7
      ],
      [
        564.5,
        115.9
      ],
      [
        569.9,
        113.2
      ]
    ]
  },
  {
    "i": 549,
    "type": "trade",
    "name": "",
    "group": "trails",
    "points": [
      [
        75.5,
        287.1
      ],
      [
        80.7,
        284.6
      ],
      [
        85.1,
        284.6
      ]
    ]
  },
  {
    "i": 550,
    "type": "trade",
    "name": "",
    "group": "trails",
    "points": [
      [
        80.7,
        284.6
      ],
      [
        81.8,
        280.1
      ],
      [
        83.2,
        276.0
      ],
      [
        82.5,
        272.4
      ],
      [
        81,
        269.0
      ],
      [
        75.5,
        266.9
      ],
      [
        72.2,
        271.1
      ],
      [
        66.7,
        273.8
      ],
      [
        60.1,
        272.1
      ],
      [
        60.3,
        268.5
      ],
      [
        57.2,
        266.5
      ],
      [
        55.5,
        263.7
      ],
      [
        52.6,
        262.4
      ],
      [
        53.4,
        258.8
      ],
      [
        56.2,
        254.9
      ],
      [
        56.3,
        252.1
      ],
      [
        61.5,
        248.2
      ],
      [
        64,
        242.4
      ],
      [
        68.9,
        235.5
      ],
      [
        73.3,
        232.5
      ],
      [
        69.8,
        225.2
      ],
      [
        68.6,
        222.1
      ],
      [
        61.6,
        214.1
      ],
      [
        65.7,
        212.8
      ],
      [
        67.7,
        213.2
      ],
      [
        72.1,
        211.9
      ],
      [
        74.0,
        209.9
      ],
      [
        79.3,
        209.6
      ],
      [
        85.1,
        209.9
      ],
      [
        95.1,
        209.6
      ]
    ]
  },
  {
    "i": 551,
    "type": "trade",
    "name": "",
    "group": "trails",
    "points": [
      [
        104.0,
        140.3
      ],
      [
        107.5,
        137.1
      ],
      [
        111.1,
        133.6
      ]
    ]
  },
  {
    "i": 552,
    "type": "trade",
    "name": "",
    "group": "trails",
    "points": [
      [
        610.8,
        221.2
      ],
      [
        612.1,
        215.6
      ],
      [
        617.5,
        212.3
      ],
      [
        626.4,
        213.6
      ],
      [
        632.4,
        216.5
      ]
    ]
  },
  {
    "i": 553,
    "type": "trade",
    "name": "",
    "group": "trails",
    "points": [
      [
        93.4,
        161.8
      ],
      [
        98.8,
        159.7
      ],
      [
        105.8,
        160.6
      ]
    ]
  },
  {
    "i": 554,
    "type": "trade",
    "name": "",
    "group": "trails",
    "points": [
      [
        550.6,
        425.9
      ],
      [
        555.6,
        432.9
      ]
    ]
  },
  {
    "i": 555,
    "type": "trade",
    "name": "",
    "group": "trails",
    "points": [
      [
        547.5,
        80.5
      ],
      [
        548.3,
        85
      ]
    ]
  },
  {
    "i": 556,
    "type": "trade",
    "name": "",
    "group": "trails",
    "points": [
      [
        540.6,
        85.9
      ],
      [
        544.5,
        80.9
      ],
      [
        547.5,
        80.5
      ],
      [
        546.9,
        77
      ],
      [
        546.1,
        73.6
      ],
      [
        546.7,
        70.5
      ],
      [
        545.6,
        67.2
      ],
      [
        543.6,
        63.7
      ],
      [
        544.6,
        60.3
      ],
      [
        545.6,
        56.8
      ],
      [
        543.2,
        53.2
      ],
      [
        540.8,
        49.6
      ],
      [
        541.6,
        44.0
      ],
      [
        541.5,
        40.1
      ],
      [
        543.7,
        37.7
      ],
      [
        547.2,
        36.5
      ],
      [
        551.3,
        35.9
      ],
      [
        554.8,
        35.3
      ],
      [
        558.3,
        34.8
      ]
    ]
  },
  {
    "i": 557,
    "type": "trade",
    "name": "",
    "group": "trails",
    "points": [
      [
        612.1,
        270.8
      ],
      [
        610.8,
        274.6
      ],
      [
        611.8,
        278.7
      ]
    ]
  },
  {
    "i": 558,
    "type": "trade",
    "name": "",
    "group": "trails",
    "points": [
      [
        562.2,
        430.3
      ],
      [
        555.6,
        432.9
      ]
    ]
  },
  {
    "i": 559,
    "type": "trade",
    "name": "",
    "group": "trails",
    "points": [
      [
        550.9,
        435.3
      ],
      [
        551.7,
        442.3
      ],
      [
        554.0,
        448.4
      ],
      [
        556.0,
        450.2
      ],
      [
        557.3,
        457.2
      ],
      [
        561.1,
        453.7
      ],
      [
        564.8,
        451.6
      ],
      [
        571.8,
        449.5
      ],
      [
        573.7,
        449.5
      ],
      [
        579.4,
        446.6
      ],
      [
        587.4,
        450.8
      ],
      [
        586.9,
        456.5
      ],
      [
        583.8,
        460.4
      ],
      [
        576.0,
        463.7
      ],
      [
        573.9,
        466.4
      ],
      [
        569.0,
        467.5
      ]
    ]
  },
  {
    "i": 560,
    "type": "trade",
    "name": "",
    "group": "trails",
    "points": [
      [
        88.5,
        189.0
      ],
      [
        88.8,
        180.7
      ]
    ]
  },
  {
    "i": 561,
    "type": "trade",
    "name": "",
    "group": "trails",
    "points": [
      [
        82.7,
        179.5
      ],
      [
        88.8,
        180.7
      ]
    ]
  },
  {
    "i": 562,
    "type": "trade",
    "name": "",
    "group": "trails",
    "points": [
      [
        75.5,
        287.1
      ],
      [
        72.0,
        287.8
      ]
    ]
  },
  {
    "i": 563,
    "type": "trade",
    "name": "",
    "group": "trails",
    "points": [
      [
        93.2,
        154.6
      ],
      [
        95.7,
        150.1
      ],
      [
        96.7,
        145.7
      ],
      [
        92.1,
        143.3
      ],
      [
        90.7,
        139.6
      ],
      [
        90.9,
        133.6
      ],
      [
        88.8,
        130.6
      ],
      [
        87.5,
        126.1
      ]
    ]
  },
  {
    "i": 564,
    "type": "trade",
    "name": "",
    "group": "trails",
    "points": [
      [
        96.7,
        145.7
      ],
      [
        100.6,
        144.1
      ],
      [
        104.0,
        140.3
      ]
    ]
  },
  {
    "i": 565,
    "type": "trade",
    "name": "",
    "group": "trails",
    "points": [
      [
        93.4,
        161.8
      ],
      [
        93.2,
        154.6
      ],
      [
        89.4,
        156.5
      ],
      [
        85.5,
        153.9
      ],
      [
        81,
        146.7
      ]
    ]
  },
  {
    "i": 566,
    "type": "trade",
    "name": "",
    "group": "trails",
    "points": [
      [
        82.7,
        179.5
      ],
      [
        80.0,
        169.1
      ]
    ]
  },
  {
    "i": 567,
    "type": "trade",
    "name": "",
    "group": "trails",
    "points": [
      [
        185.8,
        38.3
      ],
      [
        187.7,
        38
      ],
      [
        192.9,
        39.6
      ],
      [
        198.2,
        41.1
      ],
      [
        200.8,
        43.4
      ],
      [
        203.5,
        45.7
      ],
      [
        206.7,
        49.3
      ],
      [
        210.1,
        42.6
      ],
      [
        213.3,
        37.6
      ]
    ]
  },
  {
    "i": 568,
    "type": "trade",
    "name": "",
    "group": "trails",
    "points": [
      [
        617.4,
        242.4
      ],
      [
        615.6,
        238.8
      ],
      [
        615.4,
        236.3
      ],
      [
        616.2,
        234.5
      ],
      [
        619.5,
        232.7
      ],
      [
        621.9,
        229.9
      ],
      [
        624.3,
        226.0
      ],
      [
        630.8,
        221.9
      ],
      [
        630.9,
        219.0
      ],
      [
        632.4,
        216.5
      ],
      [
        631.6,
        212.9
      ],
      [
        632.5,
        209.6
      ],
      [
        634.9,
        207.0
      ]
    ]
  },
  {
    "i": 569,
    "type": "trade",
    "name": "",
    "group": "trails",
    "points": [
      [
        616.2,
        234.5
      ],
      [
        610.5,
        234.8
      ]
    ]
  },
  {
    "i": 570,
    "type": "trade",
    "name": "",
    "group": "trails",
    "points": [
      [
        617.7,
        302.6
      ],
      [
        618.6,
        307.2
      ]
    ]
  },
  {
    "i": 571,
    "type": "trade",
    "name": "",
    "group": "trails",
    "points": [
      [
        618.8,
        299.3
      ],
      [
        617.7,
        302.6
      ]
    ]
  },
  {
    "i": 572,
    "type": "trade",
    "name": "",
    "group": "trails",
    "points": [
      [
        70.9,
        297.9
      ],
      [
        60.1,
        297.0
      ],
      [
        58.2,
        294.4
      ],
      [
        55.8,
        291.6
      ],
      [
        53.5,
        288.9
      ],
      [
        59.0,
        285.4
      ],
      [
        57.6,
        275.6
      ]
    ]
  },
  {
    "i": 573,
    "type": "trade",
    "name": "",
    "group": "trails",
    "points": [
      [
        501.7,
        474.5
      ],
      [
        495.7,
        478.2
      ]
    ]
  },
  {
    "i": 574,
    "type": "trade",
    "name": "",
    "group": "trails",
    "points": [
      [
        570.5,
        116.6
      ],
      [
        571.1,
        120.1
      ]
    ]
  },
  {
    "i": 575,
    "type": "trade",
    "name": "",
    "group": "trails",
    "points": [
      [
        618.8,
        299.3
      ],
      [
        625.9,
        291.7
      ]
    ]
  },
  {
    "i": 576,
    "type": "trade",
    "name": "",
    "group": "trails",
    "points": [
      [
        568.9,
        427.1
      ],
      [
        562.2,
        430.3
      ]
    ]
  },
  {
    "i": 577,
    "type": "trade",
    "name": "",
    "group": "trails",
    "points": [
      [
        542.2,
        468.2
      ],
      [
        535.1,
        469.3
      ],
      [
        526.8,
        472.9
      ],
      [
        523.1,
        480.7
      ]
    ]
  },
  {
    "i": 578,
    "type": "military",
    "name": "",
    "group": "trails",
    "points": [
      [
        596.3,
        215.4
      ],
      [
        601.1,
        218.8
      ]
    ]
  },
  {
    "i": 579,
    "type": "trade",
    "name": "",
    "group": "trails",
    "points": [
      [
        607.7,
        218.9
      ],
      [
        612.1,
        215.6
      ]
    ]
  },
  {
    "i": 580,
    "type": "trade",
    "name": "",
    "group": "trails",
    "points": [
      [
        75.5,
        266.9
      ],
      [
        75.1,
        261.3
      ],
      [
        76.2,
        256.0
      ],
      [
        78.0,
        252.3
      ]
    ]
  },
  {
    "i": 581,
    "type": "trade",
    "name": "",
    "group": "trails",
    "points": [
      [
        75.5,
        287.1
      ],
      [
        71.3,
        279.6
      ],
      [
        66.7,
        273.8
      ]
    ]
  },
  {
    "i": 582,
    "type": "trade",
    "name": "",
    "group": "trails",
    "points": [
      [
        552.1,
        460.1
      ],
      [
        544.8,
        457.1
      ],
      [
        539.4,
        454.6
      ]
    ]
  },
  {
    "i": 583,
    "type": "trade",
    "name": "",
    "group": "trails",
    "points": [
      [
        99.9,
        126.2
      ],
      [
        94.5,
        131.7
      ],
      [
        90.9,
        133.6
      ]
    ]
  },
  {
    "i": 584,
    "type": "trade",
    "name": "",
    "group": "trails",
    "points": [
      [
        82.7,
        179.5
      ],
      [
        73.8,
        177.2
      ],
      [
        74.6,
        171.4
      ],
      [
        80.0,
        169.1
      ]
    ]
  },
  {
    "i": 585,
    "type": "trade",
    "name": "",
    "group": "trails",
    "points": [
      [
        552.1,
        460.1
      ],
      [
        557.3,
        457.2
      ],
      [
        559.9,
        462.0
      ],
      [
        565.5,
        465
      ],
      [
        569.0,
        467.5
      ],
      [
        571.2,
        472.0
      ],
      [
        577.0,
        475.9
      ],
      [
        579,
        477.6
      ],
      [
        581.7,
        477.8
      ]
    ]
  },
  {
    "i": 586,
    "type": "trade",
    "name": "",
    "group": "trails",
    "points": [
      [
        60.1,
        272.1
      ],
      [
        62.0,
        275.9
      ],
      [
        57.6,
        275.6
      ]
    ]
  },
  {
    "i": 587,
    "type": "trade",
    "name": "",
    "group": "trails",
    "points": [
      [
        625.9,
        206.4
      ],
      [
        626.4,
        213.6
      ]
    ]
  },
  {
    "i": 588,
    "type": "trade",
    "name": "",
    "group": "trails",
    "points": [
      [
        70.8,
        183.7
      ],
      [
        63.9,
        186.8
      ]
    ]
  },
  {
    "i": 589,
    "type": "trade",
    "name": "",
    "group": "trails",
    "points": [
      [
        624.6,
        189.6
      ],
      [
        628.1,
        192.6
      ],
      [
        629.6,
        196.7
      ],
      [
        630.4,
        201.8
      ],
      [
        628.9,
        204.8
      ],
      [
        625.9,
        206.4
      ]
    ]
  },
  {
    "i": 590,
    "type": "trade",
    "name": "",
    "group": "trails",
    "points": [
      [
        620.2,
        173.9
      ],
      [
        617.2,
        176.9
      ],
      [
        612.7,
        177.9
      ],
      [
        604.5,
        178.4
      ],
      [
        600.9,
        180.4
      ]
    ]
  },
  {
    "i": 591,
    "type": "trade",
    "name": "",
    "group": "trails",
    "points": [
      [
        70.8,
        183.7
      ],
      [
        73.8,
        177.2
      ]
    ]
  },
  {
    "i": 592,
    "type": "trade",
    "name": "",
    "group": "trails",
    "points": [
      [
        582.2,
        96.4
      ],
      [
        580.5,
        95.9
      ],
      [
        576.6,
        97.3
      ],
      [
        574,
        99
      ]
    ]
  },
  {
    "i": 593,
    "type": "trade",
    "name": "",
    "group": "trails",
    "points": [
      [
        611.6,
        147.3
      ],
      [
        607.2,
        146.5
      ],
      [
        599.9,
        145.4
      ]
    ]
  },
  {
    "i": 594,
    "type": "trade",
    "name": "",
    "group": "trails",
    "points": [
      [
        65.7,
        212.8
      ],
      [
        61.2,
        208.9
      ],
      [
        58.7,
        207.2
      ],
      [
        57.3,
        204.2
      ],
      [
        57.0,
        199.8
      ],
      [
        57.4,
        197.0
      ],
      [
        60.3,
        190.3
      ],
      [
        63.9,
        186.8
      ]
    ]
  },
  {
    "i": 595,
    "type": "trade",
    "name": "",
    "group": "trails",
    "points": [
      [
        611.6,
        147.3
      ],
      [
        613.8,
        152.9
      ],
      [
        613.4,
        159.4
      ],
      [
        614.8,
        162.1
      ],
      [
        616.7,
        163.5
      ],
      [
        622.2,
        163.3
      ],
      [
        629.3,
        167.0
      ]
    ]
  },
  {
    "i": 596,
    "type": "trade",
    "name": "",
    "group": "trails",
    "points": [
      [
        67.9,
        176.1
      ],
      [
        65.5,
        173.4
      ],
      [
        64.2,
        167.5
      ],
      [
        61.1,
        160.1
      ]
    ]
  },
  {
    "i": 597,
    "type": "trade",
    "name": "",
    "group": "trails",
    "points": [
      [
        582.2,
        96.4
      ],
      [
        584.4,
        95.6
      ]
    ]
  },
  {
    "i": 598,
    "type": "military",
    "name": "",
    "group": "trails",
    "points": [
      [
        43.2,
        260.3
      ],
      [
        43.9,
        263
      ]
    ]
  },
  {
    "i": 599,
    "type": "trade",
    "name": "",
    "group": "trails",
    "points": [
      [
        588.4,
        429.6
      ],
      [
        591.5,
        428.0
      ],
      [
        587.0,
        423.9
      ],
      [
        583.4,
        423.9
      ],
      [
        577.8,
        427.0
      ]
    ]
  },
  {
    "i": 600,
    "type": "trade",
    "name": "",
    "group": "trails",
    "points": [
      [
        584.9,
        411.2
      ],
      [
        587.4,
        413.7
      ],
      [
        588.7,
        419.1
      ],
      [
        591.2,
        422.1
      ],
      [
        593.6,
        425.0
      ],
      [
        591.5,
        428.0
      ]
    ]
  },
  {
    "i": 601,
    "type": "trade",
    "name": "",
    "group": "trails",
    "points": [
      [
        617.2,
        176.9
      ],
      [
        619.2,
        183.2
      ],
      [
        624.6,
        189.6
      ]
    ]
  },
  {
    "i": 602,
    "type": "trade",
    "name": "",
    "group": "trails",
    "points": [
      [
        620.2,
        173.9
      ],
      [
        621.5,
        171.2
      ],
      [
        622.2,
        163.3
      ]
    ]
  },
  {
    "i": 603,
    "type": "military",
    "name": "",
    "group": "trails",
    "points": [
      [
        628.9,
        204.8
      ],
      [
        634.9,
        207.0
      ]
    ]
  },
  {
    "i": 604,
    "type": "trade",
    "name": "",
    "group": "trails",
    "points": [
      [
        49.0,
        263.9
      ],
      [
        52.6,
        262.4
      ]
    ]
  },
  {
    "i": 605,
    "type": "trade",
    "name": "",
    "group": "trails",
    "points": [
      [
        544.8,
        457.1
      ],
      [
        543.9,
        463.9
      ],
      [
        542.2,
        468.2
      ]
    ]
  },
  {
    "i": 606,
    "type": "trade",
    "name": "",
    "group": "trails",
    "points": [
      [
        71.2,
        147.4
      ],
      [
        76.8,
        147.9
      ],
      [
        81,
        146.7
      ]
    ]
  },
  {
    "i": 607,
    "type": "trade",
    "name": "",
    "group": "trails",
    "points": [
      [
        632.9,
        186.9
      ],
      [
        628.3,
        187.4
      ],
      [
        624.6,
        189.6
      ]
    ]
  },
  {
    "i": 608,
    "type": "trade",
    "name": "",
    "group": "trails",
    "points": [
      [
        611.6,
        147.3
      ],
      [
        616.8,
        146.9
      ],
      [
        619.3,
        144
      ],
      [
        622.5,
        140.4
      ],
      [
        625.7,
        146.1
      ],
      [
        629.1,
        147.8
      ],
      [
        631.2,
        152.1
      ],
      [
        630.9,
        158.1
      ],
      [
        629.3,
        167.0
      ]
    ]
  },
  {
    "i": 609,
    "type": "military",
    "name": "",
    "group": "trails",
    "points": [
      [
        76.6,
        127.5
      ],
      [
        82.9,
        127.8
      ],
      [
        87.5,
        126.1
      ]
    ]
  },
  {
    "i": 610,
    "type": "trade",
    "name": "",
    "group": "trails",
    "points": [
      [
        64.6,
        153.5
      ],
      [
        69.2,
        150.7
      ],
      [
        71.2,
        147.4
      ],
      [
        70.6,
        143.7
      ],
      [
        69.9,
        140.0
      ],
      [
        71.6,
        137.4
      ],
      [
        73.3,
        134.9
      ],
      [
        76.3,
        131.4
      ],
      [
        76.6,
        127.5
      ]
    ]
  },
  {
    "i": 611,
    "type": "trade",
    "name": "",
    "group": "trails",
    "points": [
      [
        49.0,
        263.9
      ],
      [
        46.6,
        262.7
      ],
      [
        43.9,
        263
      ]
    ]
  },
  {
    "i": 612,
    "type": "trade",
    "name": "",
    "group": "trails",
    "points": [
      [
        43.0,
        250.0
      ],
      [
        42.9,
        253.2
      ],
      [
        42.9,
        256.4
      ],
      [
        43.2,
        260.3
      ]
    ]
  },
  {
    "i": 613,
    "type": "trade",
    "name": "",
    "group": "trails",
    "points": [
      [
        64.6,
        153.5
      ],
      [
        66.2,
        157.9
      ],
      [
        64.2,
        159.9
      ],
      [
        61.1,
        160.1
      ]
    ]
  },
  {
    "i": 614,
    "type": "trade",
    "name": "",
    "group": "trails",
    "points": [
      [
        598.0,
        440.0
      ],
      [
        596.3,
        436.7
      ],
      [
        592.5,
        433.3
      ],
      [
        588.4,
        429.6
      ]
    ]
  },
  {
    "i": 615,
    "type": "trade",
    "name": "",
    "group": "trails",
    "points": [
      [
        605.6,
        131.1
      ],
      [
        611.6,
        135.3
      ],
      [
        617.9,
        137.7
      ],
      [
        622.5,
        140.4
      ]
    ]
  },
  {
    "i": 616,
    "type": "military",
    "name": "",
    "group": "trails",
    "points": [
      [
        637.5,
        170.3
      ],
      [
        633.8,
        167.7
      ],
      [
        629.3,
        167.0
      ]
    ]
  },
  {
    "i": 617,
    "type": "trade",
    "name": "",
    "group": "trails",
    "points": [
      [
        637.5,
        170.3
      ],
      [
        637.9,
        173.5
      ],
      [
        636.2,
        176.7
      ],
      [
        634.4,
        182.1
      ],
      [
        632.9,
        186.9
      ]
    ]
  },
  {
    "i": 618,
    "type": "trade",
    "name": "",
    "group": "trails",
    "points": [
      [
        630.4,
        201.8
      ],
      [
        634.9,
        203.9
      ],
      [
        634.9,
        207.0
      ]
    ]
  },
  {
    "i": 619,
    "type": "trade",
    "name": "",
    "group": "trails",
    "points": [
      [
        45.1,
        188.0
      ],
      [
        48.7,
        184.7
      ],
      [
        50.6,
        181.7
      ]
    ]
  },
  {
    "i": 620,
    "type": "trade",
    "name": "",
    "group": "trails",
    "points": [
      [
        60.3,
        190.3
      ],
      [
        50.6,
        181.7
      ]
    ]
  },
  {
    "i": 621,
    "type": "trade",
    "name": "",
    "group": "trails",
    "points": [
      [
        43.0,
        250.0
      ],
      [
        45.4,
        247.3
      ],
      [
        47.9,
        244.5
      ],
      [
        49.4,
        240.6
      ],
      [
        48.9,
        237.2
      ],
      [
        45.2,
        229.6
      ]
    ]
  },
  {
    "i": 622,
    "type": "trade",
    "name": "",
    "group": "trails",
    "points": [
      [
        571.8,
        449.5
      ],
      [
        571.9,
        455.9
      ],
      [
        572.5,
        459.7
      ],
      [
        576.0,
        463.7
      ]
    ]
  },
  {
    "i": 623,
    "type": "military",
    "name": "",
    "group": "trails",
    "points": [
      [
        587.4,
        450.8
      ],
      [
        592.6,
        447.0
      ]
    ]
  },
  {
    "i": 624,
    "type": "trade",
    "name": "",
    "group": "trails",
    "points": [
      [
        594.2,
        440.9
      ],
      [
        592.6,
        447.0
      ]
    ]
  },
  {
    "i": 625,
    "type": "trade",
    "name": "",
    "group": "trails",
    "points": [
      [
        46.2,
        190.0
      ],
      [
        45.1,
        188.0
      ]
    ]
  },
  {
    "i": 626,
    "type": "trade",
    "name": "",
    "group": "trails",
    "points": [
      [
        96.9,
        77.4
      ],
      [
        99.1,
        74.8
      ],
      [
        102.4,
        73.6
      ],
      [
        106.8,
        73.8
      ],
      [
        110.4,
        71.6
      ],
      [
        114.0,
        69.3
      ],
      [
        116.0,
        69.7
      ],
      [
        121.1,
        69.6
      ],
      [
        126.2,
        69.6
      ],
      [
        129.6,
        67.6
      ],
      [
        131.2,
        64.0
      ],
      [
        134.4,
        64.5
      ],
      [
        137.3,
        65.5
      ],
      [
        139.7,
        65.4
      ],
      [
        143.7,
        64.9
      ],
      [
        146.7,
        62.7
      ],
      [
        148.4,
        60
      ],
      [
        150.1,
        57.2
      ],
      [
        152.3,
        53.2
      ],
      [
        154.5,
        49.1
      ],
      [
        157.7,
        44.9
      ],
      [
        159.4,
        41.1
      ],
      [
        161.7,
        39
      ],
      [
        164.2,
        38.3
      ],
      [
        166.8,
        38.9
      ],
      [
        169.7,
        40.9
      ],
      [
        173.9,
        40.3
      ],
      [
        178.1,
        39.6
      ],
      [
        182.3,
        38.9
      ],
      [
        185.8,
        38.3
      ]
    ]
  },
  {
    "i": 627,
    "type": "military",
    "name": "",
    "group": "trails",
    "points": [
      [
        239.1,
        46.0
      ],
      [
        243.6,
        52.5
      ]
    ]
  },
  {
    "i": 628,
    "type": "trade",
    "name": "",
    "group": "trails",
    "points": [
      [
        248.5,
        121.4
      ],
      [
        243.5,
        123.7
      ],
      [
        238.9,
        129.7
      ]
    ]
  },
  {
    "i": 629,
    "type": "trade",
    "name": "",
    "group": "trails",
    "points": [
      [
        617.5,
        110.0
      ],
      [
        609.5,
        112.7
      ]
    ]
  },
  {
    "i": 630,
    "type": "trade",
    "name": "",
    "group": "trails",
    "points": [
      [
        643.5,
        156
      ],
      [
        639.7,
        158.8
      ],
      [
        633.5,
        159.1
      ],
      [
        630.9,
        158.1
      ]
    ]
  },
  {
    "i": 631,
    "type": "military",
    "name": "",
    "group": "trails",
    "points": [
      [
        637.5,
        170.3
      ],
      [
        644.9,
        166.8
      ]
    ]
  },
  {
    "i": 632,
    "type": "trade",
    "name": "",
    "group": "trails",
    "points": [
      [
        583.8,
        460.4
      ],
      [
        588.7,
        468.6
      ],
      [
        586.6,
        473.2
      ],
      [
        581.7,
        477.8
      ]
    ]
  },
  {
    "i": 633,
    "type": "trade",
    "name": "",
    "group": "trails",
    "points": [
      [
        622.2,
        112.3
      ],
      [
        623.7,
        106.0
      ]
    ]
  },
  {
    "i": 634,
    "type": "trade",
    "name": "",
    "group": "trails",
    "points": [
      [
        617.5,
        110.0
      ],
      [
        622.2,
        112.3
      ]
    ]
  },
  {
    "i": 635,
    "type": "trade",
    "name": "",
    "group": "trails",
    "points": [
      [
        599.4,
        442.1
      ],
      [
        601.4,
        443.8
      ],
      [
        603.9,
        443.7
      ],
      [
        609.3,
        444.1
      ],
      [
        605.0,
        451.8
      ]
    ]
  },
  {
    "i": 636,
    "type": "trade",
    "name": "",
    "group": "trails",
    "points": [
      [
        598.0,
        440.0
      ],
      [
        599.4,
        442.1
      ]
    ]
  },
  {
    "i": 637,
    "type": "trade",
    "name": "",
    "group": "trails",
    "points": [
      [
        621.4,
        101.5
      ],
      [
        619.1,
        97.0
      ]
    ]
  },
  {
    "i": 638,
    "type": "trade",
    "name": "",
    "group": "trails",
    "points": [
      [
        562.7,
        36.8
      ],
      [
        560.0,
        33.8
      ],
      [
        559.1,
        29.9
      ],
      [
        559.8,
        24.9
      ]
    ]
  },
  {
    "i": 639,
    "type": "trade",
    "name": "",
    "group": "trails",
    "points": [
      [
        593.4,
        462.2
      ],
      [
        588.7,
        468.6
      ]
    ]
  },
  {
    "i": 640,
    "type": "trade",
    "name": "",
    "group": "trails",
    "points": [
      [
        643.5,
        156
      ],
      [
        643.4,
        153.0
      ],
      [
        644.8,
        149.5
      ],
      [
        644.2,
        144.7
      ]
    ]
  },
  {
    "i": 641,
    "type": "trade",
    "name": "",
    "group": "trails",
    "points": [
      [
        621.4,
        101.5
      ],
      [
        623.7,
        106.0
      ]
    ]
  },
  {
    "i": 642,
    "type": "trade",
    "name": "",
    "group": "trails",
    "points": [
      [
        642.8,
        140.9
      ],
      [
        639.5,
        142.9
      ],
      [
        635.9,
        145.8
      ],
      [
        629.1,
        147.8
      ]
    ]
  },
  {
    "i": 643,
    "type": "trade",
    "name": "",
    "group": "trails",
    "points": [
      [
        637.5,
        127.3
      ],
      [
        639.8,
        131.3
      ],
      [
        646.8,
        137.4
      ],
      [
        642.8,
        140.9
      ],
      [
        644.2,
        144.7
      ]
    ]
  },
  {
    "i": 644,
    "type": "trade",
    "name": "",
    "group": "trails",
    "points": [
      [
        609.3,
        444.1
      ],
      [
        614.7,
        450.8
      ]
    ]
  },
  {
    "i": 645,
    "type": "trade",
    "name": "",
    "group": "trails",
    "points": [
      [
        609.3,
        444.1
      ],
      [
        613.8,
        443.5
      ],
      [
        616.5,
        441.2
      ],
      [
        620.5,
        434.7
      ],
      [
        624.2,
        438.6
      ],
      [
        629.4,
        440.9
      ],
      [
        626.6,
        447.2
      ],
      [
        623.5,
        444.2
      ],
      [
        620.5,
        434.7
      ]
    ]
  },
  {
    "i": 646,
    "type": "military",
    "name": "",
    "group": "trails",
    "points": [
      [
        639.7,
        158.8
      ],
      [
        642.4,
        163.2
      ],
      [
        644.9,
        166.8
      ]
    ]
  },
  {
    "i": 647,
    "type": "trade",
    "name": "",
    "group": "trails",
    "points": [
      [
        640.4,
        115.6
      ],
      [
        636.3,
        112.8
      ],
      [
        629.5,
        111.7
      ]
    ]
  },
  {
    "i": 648,
    "type": "trade",
    "name": "",
    "group": "trails",
    "points": [
      [
        612.5,
        454.0
      ],
      [
        614.7,
        450.8
      ],
      [
        605.0,
        451.8
      ]
    ]
  },
  {
    "i": 649,
    "type": "trade",
    "name": "",
    "group": "trails",
    "points": [
      [
        114.0,
        69.3
      ],
      [
        109.8,
        63.9
      ],
      [
        105.9,
        61.3
      ],
      [
        102.6,
        57.3
      ],
      [
        99.1,
        54.2
      ],
      [
        96.5,
        48.9
      ]
    ]
  },
  {
    "i": 650,
    "type": "military",
    "name": "",
    "group": "trails",
    "points": [
      [
        640.4,
        115.6
      ],
      [
        638.7,
        119.3
      ],
      [
        637.1,
        122.9
      ],
      [
        637.5,
        127.3
      ]
    ]
  },
  {
    "i": 651,
    "type": "military",
    "name": "",
    "group": "trails",
    "points": [
      [
        647.1,
        128.7
      ],
      [
        644.6,
        126.3
      ],
      [
        640.9,
        125.7
      ],
      [
        637.5,
        127.3
      ]
    ]
  },
  {
    "i": 652,
    "type": "trade",
    "name": "",
    "group": "trails",
    "points": [
      [
        636.5,
        421.5
      ],
      [
        632.2,
        423.1
      ],
      [
        632.3,
        428.5
      ],
      [
        628.7,
        430.4
      ],
      [
        625.4,
        433.3
      ],
      [
        620.5,
        434.7
      ]
    ]
  },
  {
    "i": 653,
    "type": "trade",
    "name": "",
    "group": "trails",
    "points": [
      [
        600.9,
        468.7
      ],
      [
        606.5,
        467.4
      ],
      [
        609.7,
        469.9
      ],
      [
        610,
        477.4
      ],
      [
        606.5,
        480.3
      ]
    ]
  },
  {
    "i": 654,
    "type": "trade",
    "name": "",
    "group": "trails",
    "points": [
      [
        593.4,
        462.2
      ],
      [
        595.4,
        465.6
      ],
      [
        600.9,
        468.7
      ]
    ]
  },
  {
    "i": 655,
    "type": "military",
    "name": "",
    "group": "trails",
    "points": [
      [
        613.8,
        443.5
      ],
      [
        614.7,
        450.8
      ]
    ]
  },
  {
    "i": 656,
    "type": "trade",
    "name": "",
    "group": "trails",
    "points": [
      [
        612.5,
        454.0
      ],
      [
        615.4,
        458.4
      ],
      [
        616.1,
        463.6
      ],
      [
        614.3,
        466.3
      ],
      [
        609.7,
        469.9
      ]
    ]
  },
  {
    "i": 657,
    "type": "trade",
    "name": "",
    "group": "trails",
    "points": [
      [
        642.1,
        433.3
      ],
      [
        639.6,
        426.0
      ],
      [
        632.2,
        423.1
      ]
    ]
  },
  {
    "i": 658,
    "type": "trade",
    "name": "",
    "group": "trails",
    "points": [
      [
        643.0,
        419.8
      ],
      [
        639.8,
        420.6
      ],
      [
        636.5,
        421.5
      ]
    ]
  },
  {
    "i": 659,
    "type": "trade",
    "name": "",
    "group": "trails",
    "points": [
      [
        541.5,
        336.9
      ],
      [
        544.7,
        333
      ],
      [
        548.1,
        330.3
      ],
      [
        553.9,
        328.4
      ]
    ]
  },
  {
    "i": 660,
    "type": "trade",
    "name": "",
    "group": "trails",
    "points": [
      [
        647.1,
        128.7
      ],
      [
        646.4,
        133.6
      ],
      [
        646.8,
        137.4
      ]
    ]
  },
  {
    "i": 661,
    "type": "trade",
    "name": "",
    "group": "trails",
    "points": [
      [
        639.6,
        426.0
      ],
      [
        644.9,
        422.7
      ],
      [
        646.7,
        425.7
      ],
      [
        648.6,
        427.5
      ],
      [
        651.0,
        428.2
      ],
      [
        653.5,
        431.3
      ],
      [
        657.5,
        433.4
      ],
      [
        661.6,
        435.5
      ],
      [
        663.4,
        439.6
      ],
      [
        666.1,
        437.5
      ]
    ]
  },
  {
    "i": 662,
    "type": "trade",
    "name": "",
    "group": "trails",
    "points": [
      [
        636.9,
        443.4
      ],
      [
        629.4,
        440.9
      ]
    ]
  },
  {
    "i": 663,
    "type": "trade",
    "name": "",
    "group": "trails",
    "points": [
      [
        610,
        477.4
      ],
      [
        613.1,
        477.3
      ],
      [
        615.1,
        479.8
      ],
      [
        620.4,
        477.2
      ]
    ]
  },
  {
    "i": 664,
    "type": "trade",
    "name": "",
    "group": "trails",
    "points": [
      [
        642.1,
        433.3
      ],
      [
        647.0,
        432.2
      ],
      [
        651.0,
        428.2
      ]
    ]
  },
  {
    "i": 665,
    "type": "trade",
    "name": "",
    "group": "trails",
    "points": [
      [
        643.0,
        419.8
      ],
      [
        644.9,
        422.7
      ]
    ]
  },
  {
    "i": 666,
    "type": "trade",
    "name": "",
    "group": "trails",
    "points": [
      [
        616.1,
        463.6
      ],
      [
        619.9,
        469.2
      ]
    ]
  },
  {
    "i": 667,
    "type": "trade",
    "name": "",
    "group": "trails",
    "points": [
      [
        631.4,
        461.1
      ],
      [
        627.4,
        465.2
      ],
      [
        619.9,
        469.2
      ]
    ]
  },
  {
    "i": 668,
    "type": "trade",
    "name": "",
    "group": "trails",
    "points": [
      [
        615.1,
        479.8
      ],
      [
        617.3,
        473.0
      ],
      [
        619.9,
        469.2
      ]
    ]
  },
  {
    "i": 669,
    "type": "military",
    "name": "",
    "group": "trails",
    "points": [
      [
        562.7,
        36.8
      ],
      [
        566.2,
        37.3
      ],
      [
        569.4,
        40.1
      ],
      [
        571.6,
        42.5
      ],
      [
        574.6,
        43.6
      ],
      [
        578.5,
        43.5
      ],
      [
        584.1,
        44.3
      ],
      [
        587.6,
        45.0
      ],
      [
        591.3,
        45.8
      ],
      [
        595.1,
        46.7
      ],
      [
        598.9,
        45.6
      ],
      [
        602.9,
        46.4
      ],
      [
        607.8,
        46.0
      ],
      [
        614.2,
        49.7
      ],
      [
        616.9,
        51.2
      ],
      [
        621.1,
        52.2
      ],
      [
        624.3,
        55.5
      ],
      [
        629.6,
        58.2
      ],
      [
        634.5,
        59.9
      ],
      [
        639.3,
        61
      ],
      [
        642.2,
        63.1
      ],
      [
        643.3,
        66.2
      ],
      [
        643.4,
        70.1
      ],
      [
        645.2,
        73.2
      ],
      [
        647.8,
        76.0
      ],
      [
        647.6,
        80.7
      ]
    ]
  },
  {
    "i": 670,
    "type": "trade",
    "name": "",
    "group": "trails",
    "points": [
      [
        652.8,
        442.0
      ],
      [
        649.2,
        440.5
      ],
      [
        645.7,
        439.1
      ],
      [
        642.1,
        433.3
      ],
      [
        640.5,
        437.3
      ],
      [
        637.6,
        439.7
      ],
      [
        636.9,
        443.4
      ],
      [
        638.4,
        447.3
      ],
      [
        638.2,
        450.6
      ],
      [
        638.3,
        453.1
      ],
      [
        636.5,
        457.3
      ],
      [
        631.4,
        461.1
      ]
    ]
  },
  {
    "i": 671,
    "type": "trade",
    "name": "",
    "group": "trails",
    "points": [
      [
        657.5,
        433.4
      ],
      [
        654.5,
        435.8
      ],
      [
        652.8,
        442.0
      ]
    ]
  },
  {
    "i": 672,
    "type": "military",
    "name": "",
    "group": "trails",
    "points": [
      [
        642.2,
        63.1
      ],
      [
        642.1,
        58.7
      ],
      [
        640.9,
        55.6
      ],
      [
        641.1,
        53.2
      ],
      [
        644.3,
        50.1
      ],
      [
        647.6,
        47.0
      ],
      [
        649.9,
        44.4
      ],
      [
        652.2,
        41.8
      ],
      [
        653.9,
        38.1
      ]
    ]
  },
  {
    "i": 673,
    "type": "trade",
    "name": "",
    "group": "trails",
    "points": [
      [
        121.0,
        456.2
      ],
      [
        115.6,
        458.6
      ],
      [
        117.0,
        464.8
      ]
    ]
  },
  {
    "i": 674,
    "type": "trade",
    "name": "",
    "group": "trails",
    "points": [
      [
        131.2,
        456.2
      ],
      [
        126.8,
        454
      ],
      [
        121.0,
        456.2
      ]
    ]
  },
  {
    "i": 675,
    "type": "trade",
    "name": "",
    "group": "trails",
    "points": [
      [
        134.4,
        462.5
      ],
      [
        131.6,
        460.0
      ],
      [
        131.2,
        456.2
      ]
    ]
  },
  {
    "i": 676,
    "type": "trade",
    "name": "",
    "group": "searoutes",
    "points": [
      [
        334.3,
        309.5
      ],
      [
        334.0,
        313.4
      ],
      [
        334.2,
        317.4
      ],
      [
        330.9,
        316.6
      ]
    ]
  },
  {
    "i": 677,
    "type": "trade",
    "name": "",
    "group": "searoutes",
    "points": [
      [
        330.8,
        290.3
      ],
      [
        332.8,
        294.4
      ],
      [
        332.7,
        297.3
      ],
      [
        334.8,
        299.6
      ],
      [
        335.1,
        302.4
      ],
      [
        333.8,
        305.8
      ],
      [
        334.3,
        309.5
      ]
    ]
  },
  {
    "i": 678,
    "type": "trade",
    "name": "",
    "group": "searoutes",
    "points": [
      [
        344.4,
        327.6
      ],
      [
        345.6,
        331.6
      ],
      [
        348.0,
        334.9
      ],
      [
        349.0,
        338.8
      ],
      [
        350.5,
        339.8
      ],
      [
        353.7,
        342.5
      ],
      [
        357.6,
        344.1
      ],
      [
        357.6,
        348.6
      ],
      [
        358.0,
        353.1
      ],
      [
        356.8,
        350.6
      ],
      [
        355.7,
        348.2
      ],
      [
        354.2,
        345.9
      ]
    ]
  },
  {
    "i": 679,
    "type": "trade",
    "name": "",
    "group": "searoutes",
    "points": [
      [
        351.4,
        318.6
      ],
      [
        349.5,
        321.8
      ],
      [
        345.6,
        322.0
      ],
      [
        341.8,
        322.5
      ],
      [
        342.9,
        325.2
      ],
      [
        344.4,
        327.6
      ]
    ]
  },
  {
    "i": 680,
    "type": "trade",
    "name": "",
    "group": "searoutes",
    "points": [
      [
        351.4,
        318.6
      ],
      [
        353.3,
        314.2
      ],
      [
        356.6,
        310.6
      ],
      [
        359.8,
        307.4
      ],
      [
        364.0,
        305.3
      ],
      [
        366.6,
        304.5
      ],
      [
        369.3,
        305.1
      ],
      [
        371.9,
        303.9
      ],
      [
        374.7,
        304.1
      ],
      [
        378.6,
        304.0
      ],
      [
        382.2,
        305.3
      ],
      [
        384.6,
        302.3
      ],
      [
        387.9,
        300.4
      ],
      [
        391.8,
        297.5
      ],
      [
        396.5,
        296.1
      ],
      [
        399.7,
        293.6
      ],
      [
        397.6,
        288.9
      ],
      [
        397.0,
        283.8
      ],
      [
        398.3,
        281.4
      ],
      [
        400.7,
        280.1
      ],
      [
        404.0,
        279.1
      ],
      [
        407.4,
        279.8
      ],
      [
        409.9,
        278.1
      ],
      [
        411.3,
        275.1
      ],
      [
        414.1,
        273.6
      ],
      [
        416.4,
        272.9
      ],
      [
        417.7,
        269.8
      ],
      [
        420.4,
        267.9
      ],
      [
        422.5,
        266.0
      ],
      [
        425.4,
        265.7
      ],
      [
        429.3,
        265.4
      ],
      [
        433.0,
        266.9
      ]
    ]
  },
  {
    "i": 681,
    "type": "military",
    "name": "",
    "group": "searoutes",
    "points": [
      [
        341.8,
        322.5
      ],
      [
        338,
        320
      ],
      [
        334.2,
        317.4
      ],
      [
        332.0,
        319.1
      ],
      [
        329.5,
        320.5
      ]
    ]
  },
  {
    "i": 682,
    "type": "trade",
    "name": "",
    "group": "searoutes",
    "points": [
      [
        283.3,
        356.9
      ],
      [
        284.0,
        359.7
      ],
      [
        285.3,
        362.2
      ],
      [
        286.1,
        365.0
      ],
      [
        281.9,
        362.4
      ]
    ]
  },
  {
    "i": 683,
    "type": "trade",
    "name": "",
    "group": "searoutes",
    "points": [
      [
        334.6,
        354.9
      ],
      [
        333.5,
        357.4
      ],
      [
        330.3,
        356.9
      ],
      [
        327.0,
        356.5
      ],
      [
        324.9,
        359.1
      ],
      [
        322.4,
        361.7
      ],
      [
        320.0,
        364.2
      ],
      [
        314.5,
        360.9
      ],
      [
        308.6,
        360.6
      ],
      [
        301.7,
        356.5
      ],
      [
        296.6,
        356.1
      ],
      [
        292.3,
        359.5
      ],
      [
        289.2,
        362.3
      ],
      [
        286.1,
        365.0
      ],
      [
        283.9,
        369.9
      ],
      [
        279.8,
        370
      ],
      [
        276.9,
        368.4
      ],
      [
        272.7,
        365.9
      ]
    ]
  },
  {
    "i": 684,
    "type": "military",
    "name": "",
    "group": "searoutes",
    "points": [
      [
        358.0,
        353.1
      ],
      [
        354.3,
        350.6
      ]
    ]
  },
  {
    "i": 685,
    "type": "military",
    "name": "",
    "group": "searoutes",
    "points": [
      [
        358.0,
        353.1
      ],
      [
        360.1,
        356.1
      ],
      [
        362.3,
        359.1
      ],
      [
        364.5,
        363.0
      ],
      [
        364.6,
        367.8
      ],
      [
        364.6,
        372.7
      ],
      [
        367,
        375.4
      ],
      [
        365.8,
        380.9
      ],
      [
        362.6,
        382.7
      ],
      [
        359.4,
        384.4
      ],
      [
        356.6,
        387.1
      ],
      [
        353.8,
        389.7
      ],
      [
        350.7,
        388.7
      ],
      [
        347.6,
        387.7
      ],
      [
        347,
        384.1
      ],
      [
        346.3,
        380.6
      ],
      [
        347.5,
        377.7
      ],
      [
        348.7,
        374.8
      ],
      [
        347.4,
        371.8
      ],
      [
        346.2,
        368.8
      ],
      [
        343,
        366.1
      ],
      [
        339.9,
        363.4
      ],
      [
        336.7,
        360.4
      ],
      [
        333.5,
        357.4
      ]
    ]
  },
  {
    "i": 686,
    "type": "trade",
    "name": "",
    "group": "searoutes",
    "points": [
      [
        350.6,
        373.0
      ],
      [
        348.7,
        374.8
      ]
    ]
  },
  {
    "i": 687,
    "type": "trade",
    "name": "",
    "group": "searoutes",
    "points": [
      [
        359.4,
        384.4
      ],
      [
        357.5,
        380.3
      ]
    ]
  },
  {
    "i": 688,
    "type": "trade",
    "name": "",
    "group": "searoutes",
    "points": [
      [
        393.6,
        350.5
      ],
      [
        392.9,
        353.7
      ],
      [
        393.7,
        356.9
      ],
      [
        393.1,
        360.6
      ],
      [
        392.9,
        364.4
      ],
      [
        390.7,
        363.9
      ],
      [
        387.3,
        364
      ],
      [
        383.9,
        364.1
      ],
      [
        380.6,
        359.6
      ],
      [
        376.4,
        358.8
      ],
      [
        371.8,
        356.8
      ],
      [
        367.2,
        354.8
      ],
      [
        362.6,
        353.9
      ],
      [
        358.0,
        353.1
      ]
    ]
  },
  {
    "i": 689,
    "type": "trade",
    "name": "",
    "group": "searoutes",
    "points": [
      [
        272.1,
        360.8
      ],
      [
        272.7,
        365.9
      ],
      [
        270.4,
        366.0
      ],
      [
        268.7,
        368.6
      ],
      [
        264.9,
        368.5
      ]
    ]
  },
  {
    "i": 690,
    "type": "trade",
    "name": "",
    "group": "searoutes",
    "points": [
      [
        392.9,
        364.4
      ],
      [
        397.3,
        364.5
      ],
      [
        397.1,
        360.4
      ]
    ]
  },
  {
    "i": 691,
    "type": "trade",
    "name": "",
    "group": "searoutes",
    "points": [
      [
        405.3,
        341.6
      ],
      [
        402.5,
        345.0
      ],
      [
        398.6,
        347.1
      ],
      [
        395.7,
        348.2
      ],
      [
        393.6,
        350.5
      ]
    ]
  },
  {
    "i": 692,
    "type": "trade",
    "name": "",
    "group": "searoutes",
    "points": [
      [
        405.3,
        341.6
      ],
      [
        403.7,
        337.2
      ],
      [
        400.7,
        333.5
      ],
      [
        401.9,
        329.0
      ],
      [
        402.5,
        324.6
      ],
      [
        404.6,
        320.7
      ],
      [
        408.4,
        321.7
      ],
      [
        411.3,
        324.3
      ],
      [
        413.5,
        322.4
      ],
      [
        416.4,
        322.1
      ],
      [
        419.3,
        323.1
      ],
      [
        422.6,
        322.5
      ],
      [
        425.4,
        324.1
      ]
    ]
  },
  {
    "i": 693,
    "type": "trade",
    "name": "",
    "group": "searoutes",
    "points": [
      [
        397.3,
        364.5
      ],
      [
        401.7,
        364.7
      ],
      [
        401.6,
        369
      ],
      [
        401.4,
        373.2
      ],
      [
        404.6,
        374.4
      ],
      [
        407.8,
        375.7
      ],
      [
        411.4,
        375.1
      ],
      [
        412.0,
        372.2
      ],
      [
        414.1,
        368.7
      ],
      [
        417.4,
        366.4
      ]
    ]
  },
  {
    "i": 694,
    "type": "trade",
    "name": "",
    "group": "searoutes",
    "points": [
      [
        224.7,
        361.2
      ],
      [
        225.0,
        364.1
      ],
      [
        225.7,
        366.8
      ],
      [
        223.4,
        364.9
      ]
    ]
  },
  {
    "i": 695,
    "type": "military",
    "name": "",
    "group": "searoutes",
    "points": [
      [
        268.7,
        368.6
      ],
      [
        268.6,
        373.9
      ],
      [
        263.9,
        378.6
      ],
      [
        260.5,
        377.2
      ],
      [
        257.1,
        375.8
      ],
      [
        252.7,
        378.5
      ],
      [
        249.4,
        377.8
      ],
      [
        246.1,
        377.0
      ],
      [
        244.3,
        373.4
      ],
      [
        242.5,
        369.7
      ],
      [
        237.1,
        368.7
      ],
      [
        234.1,
        368
      ],
      [
        231.2,
        367.3
      ],
      [
        225.7,
        366.8
      ],
      [
        225.3,
        370.1
      ],
      [
        224.8,
        373.4
      ],
      [
        226.6,
        375.6
      ],
      [
        225.6,
        378.7
      ],
      [
        221.1,
        381.8
      ],
      [
        217.7,
        381.8
      ],
      [
        214.6,
        384.7
      ],
      [
        211.4,
        388.1
      ],
      [
        202.1,
        385.3
      ],
      [
        200.2,
        386.9
      ],
      [
        195.5,
        386.8
      ],
      [
        193.9,
        389.6
      ],
      [
        188.3,
        388.4
      ],
      [
        185,
        386.8
      ],
      [
        181.6,
        385.1
      ],
      [
        178.7,
        382.1
      ],
      [
        177.8,
        378.9
      ],
      [
        181.2,
        373.7
      ],
      [
        185.5,
        371.7
      ],
      [
        186.5,
        367.8
      ],
      [
        187.5,
        363.8
      ],
      [
        185.9,
        357.2
      ],
      [
        183.2,
        348.4
      ],
      [
        179.3,
        343.2
      ],
      [
        178.6,
        344.3
      ],
      [
        174.7,
        344.4
      ],
      [
        170.8,
        344.5
      ],
      [
        167.8,
        343.6
      ],
      [
        164.9,
        342.8
      ],
      [
        161.4,
        344.2
      ],
      [
        157.9,
        345.7
      ],
      [
        158.1,
        350.4
      ],
      [
        158.4,
        355.2
      ],
      [
        155,
        357.2
      ],
      [
        151.6,
        359.1
      ],
      [
        147.3,
        356.6
      ],
      [
        144.1,
        360.9
      ],
      [
        138.8,
        362.5
      ],
      [
        136.6,
        359.7
      ],
      [
        136.7,
        355.2
      ],
      [
        133.4,
        351.2
      ],
      [
        130.1,
        351.7
      ],
      [
        127.2,
        354.1
      ],
      [
        124.2,
        356.5
      ],
      [
        120.8,
        357.2
      ],
      [
        117.3,
        357.9
      ],
      [
        115.7,
        360.5
      ],
      [
        114,
        363.1
      ],
      [
        110.9,
        366.1
      ],
      [
        107.7,
        369.1
      ],
      [
        104.3,
        372.7
      ],
      [
        98.6,
        370.2
      ],
      [
        99.5,
        366.6
      ],
      [
        100.4,
        362.9
      ],
      [
        102.0,
        358.2
      ],
      [
        101.7,
        354.8
      ],
      [
        99.8,
        350.8
      ],
      [
        98.0,
        346.9
      ],
      [
        96.1,
        344.5
      ],
      [
        94.2,
        342.1
      ],
      [
        94.1,
        338.9
      ],
      [
        94,
        335.8
      ],
      [
        92.9,
        331.4
      ],
      [
        91.8,
        327.1
      ],
      [
        88.4,
        326.7
      ],
      [
        85.0,
        326.3
      ],
      [
        83.2,
        329.4
      ],
      [
        78.0,
        328.7
      ],
      [
        77,
        325.5
      ],
      [
        76.1,
        322.3
      ],
      [
        72.9,
        322.2
      ],
      [
        69.7,
        322.1
      ],
      [
        66.9,
        323.4
      ],
      [
        64.1,
        324.8
      ],
      [
        59.8,
        322.9
      ],
      [
        57.0,
        318.7
      ],
      [
        55.9,
        314.6
      ],
      [
        54.8,
        310.4
      ],
      [
        53.4,
        306.8
      ],
      [
        51.1,
        305.2
      ],
      [
        44,
        304.8
      ],
      [
        43.1,
        301.2
      ],
      [
        43.5,
        296.3
      ],
      [
        43.9,
        291.5
      ],
      [
        43.6,
        287.8
      ],
      [
        43.3,
        284.2
      ],
      [
        47.1,
        282.4
      ],
      [
        50.8,
        280.7
      ],
      [
        51.5,
        276.2
      ],
      [
        52.1,
        271.8
      ],
      [
        49.6,
        269.7
      ],
      [
        47.2,
        267.7
      ],
      [
        43.4,
        266.8
      ],
      [
        41.1,
        262.6
      ],
      [
        41.2,
        256.8
      ],
      [
        38.5,
        252.3
      ],
      [
        39.3,
        248.1
      ],
      [
        40.0,
        243.9
      ],
      [
        41.6,
        240.6
      ],
      [
        43.2,
        237.2
      ],
      [
        41.1,
        234.5
      ],
      [
        41.1,
        230.6
      ],
      [
        41.0,
        226.8
      ],
      [
        42.7,
        224.6
      ],
      [
        44.2,
        221.6
      ],
      [
        45.7,
        218.5
      ],
      [
        50.1,
        215.7
      ],
      [
        51.9,
        212
      ],
      [
        53.7,
        208.3
      ],
      [
        51.1,
        206.3
      ],
      [
        48.5,
        204.3
      ],
      [
        46.1,
        200.7
      ],
      [
        43.7,
        198.6
      ],
      [
        41.3,
        196.6
      ],
      [
        42.3,
        192.8
      ],
      [
        43.3,
        189.1
      ],
      [
        40.4,
        185.4
      ],
      [
        38.7,
        182.2
      ],
      [
        42.3,
        178.5
      ],
      [
        47.4,
        177.8
      ],
      [
        51.4,
        178.8
      ],
      [
        52.4,
        175.5
      ],
      [
        52.5,
        173.1
      ],
      [
        52.9,
        169
      ],
      [
        53.4,
        164.9
      ],
      [
        56.3,
        161.8
      ],
      [
        60.1,
        158.5
      ],
      [
        61.1,
        152.5
      ],
      [
        58.3,
        149.9
      ],
      [
        61.6,
        145.4
      ],
      [
        64.8,
        141.0
      ],
      [
        69.7,
        137.7
      ],
      [
        68.9,
        134.6
      ],
      [
        71.5,
        130.1
      ],
      [
        69.9,
        127.9
      ],
      [
        71.8,
        124.4
      ],
      [
        69.2,
        120.4
      ],
      [
        69.4,
        114.8
      ],
      [
        73,
        113.9
      ],
      [
        77.5,
        111.4
      ],
      [
        84.4,
        112.4
      ],
      [
        86.7,
        116.0
      ],
      [
        90.5,
        116.5
      ],
      [
        94.3,
        117.0
      ],
      [
        96.7,
        119.2
      ],
      [
        99.2,
        121.4
      ],
      [
        102.6,
        122.4
      ],
      [
        106.0,
        123.5
      ],
      [
        109.1,
        127.4
      ],
      [
        113,
        128.6
      ],
      [
        116.9,
        129.9
      ],
      [
        119,
        127.5
      ],
      [
        121.2,
        125.2
      ],
      [
        125.6,
        125.5
      ],
      [
        130.1,
        125.9
      ],
      [
        133.1,
        124.1
      ],
      [
        136.6,
        124.1
      ],
      [
        140.2,
        124.2
      ],
      [
        141.5,
        120.6
      ],
      [
        146.4,
        117.4
      ],
      [
        150.0,
        117.8
      ],
      [
        153.0,
        122.2
      ],
      [
        153.1,
        125.8
      ],
      [
        153.2,
        129.5
      ],
      [
        157.2,
        132.1
      ],
      [
        161.8,
        130.4
      ],
      [
        166.3,
        128.6
      ],
      [
        171.7,
        132.2
      ],
      [
        177,
        132.1
      ],
      [
        181.6,
        132.6
      ],
      [
        182.7,
        137.1
      ],
      [
        186.6,
        137.1
      ],
      [
        190.5,
        137.1
      ],
      [
        194,
        137.6
      ],
      [
        197.5,
        138.0
      ],
      [
        199.5,
        136.4
      ],
      [
        202.8,
        134.9
      ],
      [
        206.0,
        133.4
      ],
      [
        210.0,
        129.9
      ],
      [
        214.1,
        131.4
      ],
      [
        216.3,
        129.2
      ],
      [
        218.4,
        127.0
      ],
      [
        221.2,
        124.4
      ],
      [
        224.7,
        124.3
      ],
      [
        228.2,
        124.2
      ],
      [
        232,
        121.3
      ],
      [
        236,
        117.5
      ],
      [
        239.7,
        118.5
      ],
      [
        243.2,
        121.8
      ],
      [
        245.7,
        126.4
      ],
      [
        246.7,
        131.6
      ],
      [
        246.1,
        135.7
      ],
      [
        244.1,
        139.2
      ],
      [
        245.6,
        142.2
      ],
      [
        245.5,
        145.5
      ],
      [
        245.6,
        148.6
      ],
      [
        244.1,
        151.3
      ],
      [
        244.6,
        156.0
      ],
      [
        243.5,
        160.5
      ],
      [
        244.2,
        164.0
      ],
      [
        243.3,
        167.6
      ],
      [
        243.5,
        171.8
      ],
      [
        245.0,
        175.5
      ],
      [
        244.9,
        179.4
      ],
      [
        242.3,
        183.4
      ],
      [
        239.7,
        187.3
      ]
    ]
  },
  {
    "i": 696,
    "type": "trade",
    "name": "",
    "group": "searoutes",
    "points": [
      [
        212.2,
        352.6
      ],
      [
        209.3,
        353.4
      ],
      [
        211.9,
        348
      ],
      [
        212.5,
        342.5
      ],
      [
        209.8,
        338.1
      ],
      [
        209.1,
        333.5
      ],
      [
        208.3,
        328.9
      ],
      [
        204.5,
        326.6
      ],
      [
        203.2,
        319.9
      ],
      [
        205.6,
        315.4
      ],
      [
        207.1,
        313.9
      ]
    ]
  },
  {
    "i": 697,
    "type": "military",
    "name": "",
    "group": "searoutes",
    "points": [
      [
        209.3,
        353.4
      ],
      [
        210.0,
        357.8
      ],
      [
        206.7,
        360.1
      ],
      [
        203.4,
        362.4
      ],
      [
        198.6,
        363.2
      ],
      [
        193,
        363.5
      ],
      [
        186.5,
        367.8
      ]
    ]
  },
  {
    "i": 698,
    "type": "trade",
    "name": "",
    "group": "searoutes",
    "points": [
      [
        195.5,
        386.8
      ],
      [
        197.1,
        383.9
      ],
      [
        195.4,
        379.6
      ],
      [
        196.6,
        377.0
      ]
    ]
  },
  {
    "i": 699,
    "type": "trade",
    "name": "",
    "group": "searoutes",
    "points": [
      [
        203.2,
        319.9
      ],
      [
        197.3,
        322.5
      ],
      [
        193.9,
        320.7
      ],
      [
        195.1,
        318.2
      ],
      [
        196.7,
        316
      ],
      [
        196.7,
        312.9
      ],
      [
        195.8,
        309.8
      ],
      [
        193.1,
        307.6
      ],
      [
        192.6,
        304.3
      ]
    ]
  },
  {
    "i": 700,
    "type": "trade",
    "name": "",
    "group": "searoutes",
    "points": [
      [
        475.2,
        297.8
      ],
      [
        472.6,
        295.0
      ],
      [
        471.7,
        291.3
      ]
    ]
  },
  {
    "i": 701,
    "type": "trade",
    "name": "",
    "group": "searoutes",
    "points": [
      [
        411.4,
        375.1
      ],
      [
        414.2,
        379.4
      ],
      [
        413.4,
        384.3
      ],
      [
        416.2,
        386.5
      ],
      [
        419.0,
        388.6
      ],
      [
        422.6,
        388.6
      ],
      [
        426.4,
        389.3
      ],
      [
        430.1,
        389.9
      ],
      [
        435.7,
        387.9
      ],
      [
        441.2,
        389.0
      ],
      [
        442.9,
        392.5
      ],
      [
        444.5,
        396.0
      ],
      [
        449.1,
        399.2
      ],
      [
        454.3,
        402.1
      ],
      [
        457,
        400.4
      ],
      [
        459.7,
        398.6
      ],
      [
        463.4,
        396.3
      ],
      [
        465.9,
        393
      ],
      [
        468.4,
        389.6
      ],
      [
        467.4,
        385.4
      ],
      [
        466.8,
        381.0
      ],
      [
        463.3,
        378.3
      ],
      [
        460.9,
        374.6
      ],
      [
        461.7,
        370.7
      ],
      [
        463.9,
        367.5
      ],
      [
        464.1,
        362.2
      ],
      [
        465.8,
        357.2
      ],
      [
        468.7,
        356.6
      ],
      [
        470.9,
        354.6
      ],
      [
        469.2,
        351.1
      ],
      [
        466.2,
        348.7
      ],
      [
        463.3,
        345.0
      ],
      [
        461.9,
        340.5
      ],
      [
        460.2,
        337.0
      ],
      [
        460.3,
        333.1
      ],
      [
        459.4,
        330.3
      ],
      [
        460.3,
        327.6
      ]
    ]
  },
  {
    "i": 702,
    "type": "trade",
    "name": "",
    "group": "searoutes",
    "points": [
      [
        475.2,
        297.8
      ],
      [
        474.0,
        300.5
      ],
      [
        475.2,
        303.3
      ],
      [
        474.5,
        306.1
      ],
      [
        471.3,
        306.2
      ],
      [
        468.7,
        308.1
      ],
      [
        467.2,
        311.2
      ],
      [
        468.0,
        314.7
      ],
      [
        467.0,
        317.8
      ],
      [
        468.7,
        320.6
      ],
      [
        468.6,
        323.9
      ],
      [
        466.2,
        325.9
      ],
      [
        463.2,
        326.7
      ],
      [
        460.3,
        327.6
      ]
    ]
  },
  {
    "i": 703,
    "type": "trade",
    "name": "",
    "group": "searoutes",
    "points": [
      [
        422.6,
        388.6
      ],
      [
        422.0,
        384.4
      ]
    ]
  },
  {
    "i": 704,
    "type": "trade",
    "name": "",
    "group": "searoutes",
    "points": [
      [
        233.3,
        191.9
      ],
      [
        237.0,
        190.3
      ],
      [
        239.7,
        187.3
      ]
    ]
  },
  {
    "i": 705,
    "type": "trade",
    "name": "",
    "group": "searoutes",
    "points": [
      [
        232,
        121.3
      ],
      [
        231.6,
        126.1
      ],
      [
        233,
        128.2
      ],
      [
        236.4,
        131.2
      ],
      [
        238.5,
        135.3
      ],
      [
        238.9,
        138.8
      ],
      [
        237.7,
        142.1
      ],
      [
        239.0,
        145.7
      ],
      [
        238.7,
        149.6
      ],
      [
        235.7,
        152.2
      ],
      [
        232.0,
        153.2
      ],
      [
        230.1,
        156.4
      ],
      [
        227.0,
        158.3
      ],
      [
        225.9,
        161.5
      ],
      [
        223.4,
        163.7
      ],
      [
        221.4,
        166.7
      ],
      [
        218.2,
        168.4
      ],
      [
        216.1,
        171.8
      ],
      [
        212.7,
        174
      ],
      [
        213.4,
        175.6
      ]
    ]
  },
  {
    "i": 706,
    "type": "trade",
    "name": "",
    "group": "searoutes",
    "points": [
      [
        231.3,
        194.4
      ],
      [
        233.3,
        191.9
      ]
    ]
  },
  {
    "i": 707,
    "type": "trade",
    "name": "",
    "group": "searoutes",
    "points": [
      [
        187.9,
        290.5
      ],
      [
        187.5,
        293.5
      ],
      [
        189.1,
        296.2
      ],
      [
        189.4,
        299.3
      ],
      [
        191.9,
        301.4
      ],
      [
        192.6,
        304.3
      ]
    ]
  },
  {
    "i": 708,
    "type": "military",
    "name": "",
    "group": "searoutes",
    "points": [
      [
        193.9,
        320.7
      ],
      [
        193.1,
        323.9
      ],
      [
        192.2,
        327.0
      ],
      [
        191.3,
        331.8
      ],
      [
        190.4,
        336.6
      ],
      [
        187.6,
        338.6
      ],
      [
        184.8,
        340.5
      ],
      [
        182.1,
        341.8
      ],
      [
        179.3,
        343.2
      ]
    ]
  },
  {
    "i": 709,
    "type": "trade",
    "name": "",
    "group": "searoutes",
    "points": [
      [
        140.2,
        124.2
      ],
      [
        140.7,
        127.2
      ],
      [
        140.8,
        130.3
      ],
      [
        143.6,
        134.2
      ],
      [
        141.0,
        136.9
      ],
      [
        139.7,
        140.4
      ],
      [
        142.4,
        144.1
      ],
      [
        146.2,
        146.8
      ],
      [
        145.0,
        149.5
      ],
      [
        142.6,
        151.3
      ],
      [
        141.8,
        155.7
      ],
      [
        139.6,
        159.6
      ],
      [
        141.5,
        162.8
      ],
      [
        141.9,
        166.4
      ],
      [
        145.9,
        168.4
      ],
      [
        148.9,
        171.7
      ],
      [
        148.8,
        176.1
      ],
      [
        147.1,
        180.2
      ],
      [
        149.8,
        181.6
      ],
      [
        151.5,
        184.2
      ],
      [
        154.8,
        183.7
      ],
      [
        157.9,
        184.9
      ],
      [
        159.4,
        188.3
      ],
      [
        159.2,
        191.9
      ],
      [
        159.5,
        195.3
      ],
      [
        158.1,
        198.5
      ],
      [
        159.8,
        200.6
      ],
      [
        159.9,
        203.4
      ],
      [
        161.5,
        206.0
      ],
      [
        163.4,
        209.5
      ]
    ]
  },
  {
    "i": 710,
    "type": "trade",
    "name": "",
    "group": "searoutes",
    "points": [
      [
        154.9,
        344.5
      ],
      [
        157.9,
        345.7
      ]
    ]
  },
  {
    "i": 711,
    "type": "trade",
    "name": "",
    "group": "searoutes",
    "points": [
      [
        130.1,
        351.7
      ],
      [
        127.4,
        350.1
      ],
      [
        124.9,
        348.2
      ],
      [
        125.7,
        345.2
      ],
      [
        126.2,
        342.1
      ],
      [
        124.6,
        338.7
      ],
      [
        124.7,
        334.9
      ],
      [
        124.4,
        331.4
      ],
      [
        125.9,
        328.2
      ],
      [
        127.3,
        324.3
      ],
      [
        130.5,
        322.4
      ],
      [
        133.7,
        320.5
      ],
      [
        136.1,
        317.6
      ],
      [
        134.6,
        314.6
      ],
      [
        131.7,
        312.8
      ],
      [
        132.6,
        310.1
      ],
      [
        133.5,
        307.5
      ],
      [
        135.6,
        305.5
      ],
      [
        135.5,
        301.5
      ],
      [
        137.2,
        297.9
      ]
    ]
  },
  {
    "i": 712,
    "type": "trade",
    "name": "",
    "group": "searoutes",
    "points": [
      [
        193.9,
        377.0
      ],
      [
        195.4,
        379.6
      ]
    ]
  },
  {
    "i": 713,
    "type": "trade",
    "name": "",
    "group": "searoutes",
    "points": [
      [
        136.7,
        355.2
      ],
      [
        136.8,
        350.7
      ],
      [
        134.6,
        346.7
      ],
      [
        134.3,
        343.8
      ],
      [
        135.7,
        341.2
      ],
      [
        136.1,
        338.6
      ],
      [
        138.1,
        336.7
      ]
    ]
  },
  {
    "i": 714,
    "type": "military",
    "name": "",
    "group": "searoutes",
    "points": [
      [
        133.4,
        351.2
      ],
      [
        136.8,
        350.7
      ]
    ]
  },
  {
    "i": 715,
    "type": "trade",
    "name": "",
    "group": "searoutes",
    "points": [
      [
        181.4,
        161.3
      ],
      [
        182.4,
        158.4
      ],
      [
        181.5,
        155.6
      ],
      [
        183.1,
        151.8
      ],
      [
        182.9,
        147.8
      ],
      [
        185.8,
        146.8
      ],
      [
        187.6,
        144.3
      ],
      [
        187.3,
        140.7
      ],
      [
        186.6,
        137.1
      ]
    ]
  },
  {
    "i": 716,
    "type": "military",
    "name": "",
    "group": "searoutes",
    "points": [
      [
        228.2,
        124.2
      ],
      [
        231.6,
        126.1
      ]
    ]
  },
  {
    "i": 717,
    "type": "trade",
    "name": "",
    "group": "searoutes",
    "points": [
      [
        236,
        117.5
      ],
      [
        238.7,
        114
      ],
      [
        243.4,
        111.7
      ],
      [
        246.6,
        112.9
      ],
      [
        249.8,
        114.1
      ],
      [
        248.1,
        116.2
      ]
    ]
  },
  {
    "i": 718,
    "type": "trade",
    "name": "",
    "group": "searoutes",
    "points": [
      [
        219.6,
        131.7
      ],
      [
        216.3,
        129.2
      ]
    ]
  },
  {
    "i": 719,
    "type": "trade",
    "name": "",
    "group": "searoutes",
    "points": [
      [
        468.4,
        389.6
      ],
      [
        473.9,
        390.1
      ],
      [
        478.4,
        390.8
      ],
      [
        480.9,
        393.3
      ],
      [
        484.4,
        393.3
      ],
      [
        485.7,
        396.3
      ],
      [
        486.9,
        399.4
      ],
      [
        487.9,
        403.7
      ],
      [
        488.8,
        408.1
      ],
      [
        491.7,
        412.1
      ],
      [
        490.5,
        415.4
      ],
      [
        489.4,
        418.7
      ],
      [
        492.2,
        418.6
      ]
    ]
  },
  {
    "i": 720,
    "type": "trade",
    "name": "",
    "group": "searoutes",
    "points": [
      [
        250.6,
        115.1
      ],
      [
        249.8,
        114.1
      ],
      [
        250.3,
        109.4
      ],
      [
        250.8,
        104.6
      ],
      [
        252.2,
        100.1
      ],
      [
        254.1,
        101.1
      ],
      [
        258.5,
        97.9
      ],
      [
        262.9,
        94.6
      ],
      [
        266.8,
        94.6
      ],
      [
        270.8,
        94.6
      ],
      [
        271.1,
        95.0
      ]
    ]
  },
  {
    "i": 721,
    "type": "trade",
    "name": "",
    "group": "searoutes",
    "points": [
      [
        453.2,
        454.9
      ],
      [
        450.1,
        457.8
      ],
      [
        453.6,
        461.6
      ],
      [
        453.3,
        467.1
      ],
      [
        454.3,
        470.0
      ],
      [
        454.8,
        473.1
      ],
      [
        458.6,
        473.4
      ]
    ]
  },
  {
    "i": 722,
    "type": "military",
    "name": "",
    "group": "searoutes",
    "points": [
      [
        489.4,
        418.7
      ],
      [
        487.6,
        421.6
      ],
      [
        485.9,
        424.4
      ],
      [
        484.4,
        429.1
      ],
      [
        481.6,
        429.3
      ],
      [
        479.6,
        432.7
      ],
      [
        474.8,
        433.2
      ],
      [
        470.0,
        433.8
      ],
      [
        465,
        434.4
      ],
      [
        460.1,
        435.0
      ],
      [
        456.6,
        435.9
      ],
      [
        453.1,
        436.8
      ],
      [
        451.4,
        440.8
      ],
      [
        449.7,
        444.9
      ],
      [
        446.6,
        445.1
      ],
      [
        444.8,
        449.3
      ],
      [
        446.6,
        454.0
      ],
      [
        450.1,
        457.8
      ]
    ]
  },
  {
    "i": 723,
    "type": "trade",
    "name": "",
    "group": "searoutes",
    "points": [
      [
        169.5,
        143.6
      ],
      [
        170.9,
        141.8
      ],
      [
        172.2,
        139
      ],
      [
        173.4,
        136.2
      ],
      [
        177,
        132.1
      ]
    ]
  },
  {
    "i": 724,
    "type": "trade",
    "name": "",
    "group": "searoutes",
    "points": [
      [
        104.3,
        372.7
      ],
      [
        101.0,
        376.4
      ],
      [
        103.3,
        379.3
      ],
      [
        101.9,
        382.0
      ],
      [
        106.0,
        394.3
      ],
      [
        111.4,
        394.4
      ],
      [
        115.1,
        397
      ],
      [
        118.7,
        399.6
      ],
      [
        122.4,
        402.7
      ],
      [
        125.4,
        405.8
      ],
      [
        128.5,
        412.6
      ],
      [
        125.0,
        433.4
      ],
      [
        128.4,
        439.8
      ],
      [
        133.8,
        440.9
      ],
      [
        135.9,
        445.9
      ],
      [
        136.4,
        447.5
      ],
      [
        139.4,
        448.2
      ],
      [
        142.4,
        448.9
      ],
      [
        146.3,
        453.4
      ],
      [
        145.2,
        456.9
      ],
      [
        144.2,
        460.4
      ],
      [
        140.4,
        461
      ],
      [
        136.6,
        461.7
      ],
      [
        134.4,
        462.5
      ]
    ]
  },
  {
    "i": 725,
    "type": "trade",
    "name": "",
    "group": "searoutes",
    "points": [
      [
        100.6,
        344.9
      ],
      [
        98.0,
        346.9
      ]
    ]
  },
  {
    "i": 726,
    "type": "trade",
    "name": "",
    "group": "searoutes",
    "points": [
      [
        116.3,
        191.4
      ],
      [
        113.5,
        190.8
      ],
      [
        110.4,
        191.6
      ],
      [
        108.3,
        194.4
      ],
      [
        105.4,
        195.6
      ],
      [
        103.5,
        192.5
      ],
      [
        100.4,
        190.7
      ],
      [
        97.6,
        188.5
      ],
      [
        94.0,
        187.7
      ],
      [
        90.5,
        190.3
      ],
      [
        88.2,
        194.0
      ],
      [
        84.3,
        194.7
      ],
      [
        81.1,
        197.0
      ],
      [
        78.0,
        195.9
      ],
      [
        73.3,
        191.3
      ],
      [
        67.6,
        188.0
      ],
      [
        64.3,
        186.4
      ],
      [
        62.2,
        182.2
      ],
      [
        58.9,
        179
      ],
      [
        55.3,
        179.7
      ],
      [
        51.4,
        178.8
      ],
      [
        50.6,
        181.7
      ]
    ]
  },
  {
    "i": 727,
    "type": "military",
    "name": "",
    "group": "searoutes",
    "points": [
      [
        173.4,
        136.2
      ],
      [
        171.7,
        132.2
      ]
    ]
  },
  {
    "i": 728,
    "type": "trade",
    "name": "",
    "group": "searoutes",
    "points": [
      [
        157.2,
        132.1
      ],
      [
        157.0,
        134.2
      ]
    ]
  },
  {
    "i": 729,
    "type": "trade",
    "name": "",
    "group": "searoutes",
    "points": [
      [
        150.8,
        137
      ],
      [
        152.2,
        133.3
      ],
      [
        153.2,
        129.5
      ]
    ]
  },
  {
    "i": 730,
    "type": "trade",
    "name": "",
    "group": "searoutes",
    "points": [
      [
        115.6,
        458.6
      ],
      [
        114.0,
        457.6
      ],
      [
        112.7,
        452.1
      ],
      [
        111.4,
        446.6
      ],
      [
        114.3,
        445.5
      ],
      [
        117.2,
        444.5
      ],
      [
        121.2,
        444.1
      ],
      [
        125.2,
        443.6
      ],
      [
        128.4,
        439.8
      ]
    ]
  },
  {
    "i": 731,
    "type": "trade",
    "name": "",
    "group": "searoutes",
    "points": [
      [
        130.1,
        125.9
      ],
      [
        130.6,
        131.8
      ],
      [
        130.8,
        134.9
      ],
      [
        129.8,
        138.4
      ],
      [
        127.2,
        141.0
      ],
      [
        129.1,
        143.5
      ],
      [
        129.2,
        146.6
      ]
    ]
  },
  {
    "i": 732,
    "type": "trade",
    "name": "",
    "group": "searoutes",
    "points": [
      [
        91.8,
        327.1
      ],
      [
        92.2,
        323.7
      ],
      [
        92.6,
        320.2
      ],
      [
        94.0,
        319.9
      ]
    ]
  },
  {
    "i": 733,
    "type": "trade",
    "name": "",
    "group": "searoutes",
    "points": [
      [
        51.5,
        276.2
      ],
      [
        55.1,
        273
      ],
      [
        58.2,
        274.2
      ],
      [
        59.1,
        277.8
      ],
      [
        61.6,
        280.9
      ],
      [
        62.5,
        284.8
      ],
      [
        65.5,
        286.4
      ],
      [
        69.1,
        286.3
      ],
      [
        72.0,
        288.3
      ]
    ]
  },
  {
    "i": 734,
    "type": "military",
    "name": "",
    "group": "searoutes",
    "points": [
      [
        130.6,
        131.8
      ],
      [
        127.5,
        132.7
      ]
    ]
  },
  {
    "i": 735,
    "type": "trade",
    "name": "",
    "group": "searoutes",
    "points": [
      [
        60.1,
        297.0
      ],
      [
        60.0,
        298.5
      ],
      [
        55.8,
        300.2
      ],
      [
        51.5,
        302.0
      ],
      [
        51.1,
        305.2
      ]
    ]
  },
  {
    "i": 736,
    "type": "trade",
    "name": "",
    "group": "searoutes",
    "points": [
      [
        58.2,
        274.2
      ],
      [
        62.0,
        275.9
      ],
      [
        64.1,
        274.3
      ],
      [
        66.8,
        274.4
      ]
    ]
  },
  {
    "i": 737,
    "type": "trade",
    "name": "",
    "group": "searoutes",
    "points": [
      [
        60.1,
        272.1
      ],
      [
        58.2,
        274.2
      ]
    ]
  },
  {
    "i": 738,
    "type": "trade",
    "name": "",
    "group": "searoutes",
    "points": [
      [
        68.7,
        221.5
      ],
      [
        65.4,
        219.6
      ],
      [
        61.7,
        219.4
      ],
      [
        60.7,
        217.1
      ],
      [
        59.3,
        214.9
      ],
      [
        56.5,
        211.6
      ],
      [
        53.7,
        208.3
      ]
    ]
  },
  {
    "i": 739,
    "type": "military",
    "name": "",
    "group": "searoutes",
    "points": [
      [
        116.9,
        129.9
      ],
      [
        116.5,
        132.2
      ]
    ]
  },
  {
    "i": 740,
    "type": "trade",
    "name": "",
    "group": "searoutes",
    "points": [
      [
        56.3,
        251.5
      ],
      [
        53.6,
        248.7
      ],
      [
        50.5,
        251.5
      ],
      [
        49.1,
        255.6
      ],
      [
        46.3,
        258.7
      ],
      [
        43.4,
        259.7
      ],
      [
        41.2,
        256.8
      ]
    ]
  },
  {
    "i": 741,
    "type": "military",
    "name": "",
    "group": "searoutes",
    "points": [
      [
        41.1,
        230.6
      ],
      [
        45.2,
        229.6
      ]
    ]
  },
  {
    "i": 742,
    "type": "trade",
    "name": "",
    "group": "searoutes",
    "points": [
      [
        47.2,
        267.7
      ],
      [
        49.0,
        263.9
      ]
    ]
  },
  {
    "i": 743,
    "type": "military",
    "name": "",
    "group": "searoutes",
    "points": [
      [
        52.1,
        271.8
      ],
      [
        55.1,
        273
      ]
    ]
  },
  {
    "i": 744,
    "type": "trade",
    "name": "",
    "group": "searoutes",
    "points": [
      [
        73.5,
        176.7
      ],
      [
        70.8,
        175.5
      ],
      [
        67.9,
        176.1
      ],
      [
        65.3,
        175.2
      ],
      [
        62.7,
        176.1
      ],
      [
        58.4,
        174.1
      ],
      [
        55.5,
        173.4
      ],
      [
        52.5,
        173.1
      ]
    ]
  },
  {
    "i": 745,
    "type": "trade",
    "name": "",
    "group": "searoutes",
    "points": [
      [
        59.3,
        214.9
      ],
      [
        61.6,
        214.1
      ]
    ]
  },
  {
    "i": 746,
    "type": "trade",
    "name": "",
    "group": "searoutes",
    "points": [
      [
        102.6,
        122.4
      ],
      [
        100.9,
        124.8
      ],
      [
        99.6,
        127.4
      ],
      [
        97.8,
        129.7
      ]
    ]
  },
  {
    "i": 747,
    "type": "military",
    "name": "",
    "group": "searoutes",
    "points": [
      [
        50.1,
        215.7
      ],
      [
        54.7,
        215.3
      ],
      [
        59.3,
        214.9
      ]
    ]
  },
  {
    "i": 748,
    "type": "military",
    "name": "",
    "group": "searoutes",
    "points": [
      [
        84.4,
        112.4
      ],
      [
        82.1,
        108.9
      ],
      [
        83.2,
        103.1
      ],
      [
        85.9,
        98.1
      ],
      [
        86.5,
        94.8
      ],
      [
        87.1,
        91.5
      ],
      [
        89.5,
        89.6
      ],
      [
        92.0,
        87.7
      ],
      [
        94.7,
        84.3
      ],
      [
        97.3,
        81
      ],
      [
        96.9,
        77.4
      ]
    ]
  },
  {
    "i": 749,
    "type": "military",
    "name": "",
    "group": "searoutes",
    "points": [
      [
        96.7,
        119.2
      ],
      [
        91.4,
        121.2
      ],
      [
        88.6,
        125.3
      ],
      [
        87.5,
        126.1
      ]
    ]
  },
  {
    "i": 750,
    "type": "trade",
    "name": "",
    "group": "searoutes",
    "points": [
      [
        97.2,
        145.9
      ],
      [
        98.3,
        142.1
      ],
      [
        97.0,
        138.2
      ],
      [
        97.6,
        134.3
      ],
      [
        100.4,
        133.3
      ],
      [
        102.1,
        130.8
      ],
      [
        105.7,
        129.3
      ],
      [
        109.1,
        127.4
      ]
    ]
  },
  {
    "i": 751,
    "type": "trade",
    "name": "",
    "group": "searoutes",
    "points": [
      [
        73.5,
        176.7
      ],
      [
        76.1,
        174.7
      ],
      [
        77.3,
        171.3
      ],
      [
        80.3,
        169.6
      ]
    ]
  },
  {
    "i": 752,
    "type": "trade",
    "name": "",
    "group": "searoutes",
    "points": [
      [
        60.1,
        158.5
      ],
      [
        61.1,
        160.1
      ]
    ]
  },
  {
    "i": 753,
    "type": "trade",
    "name": "",
    "group": "searoutes",
    "points": [
      [
        45.1,
        188.0
      ],
      [
        43.3,
        189.1
      ]
    ]
  },
  {
    "i": 754,
    "type": "trade",
    "name": "",
    "group": "searoutes",
    "points": [
      [
        46.2,
        190.0
      ],
      [
        43.3,
        189.1
      ]
    ]
  },
  {
    "i": 755,
    "type": "trade",
    "name": "",
    "group": "searoutes",
    "points": [
      [
        64.6,
        153.5
      ],
      [
        63.9,
        155.2
      ],
      [
        61.1,
        152.5
      ]
    ]
  },
  {
    "i": 756,
    "type": "military",
    "name": "",
    "group": "searoutes",
    "points": [
      [
        71.5,
        130.1
      ],
      [
        74.9,
        128.7
      ],
      [
        77.0,
        128.1
      ],
      [
        79.2,
        128.0
      ]
    ]
  },
  {
    "i": 757,
    "type": "military",
    "name": "",
    "group": "searoutes",
    "points": [
      [
        60.1,
        158.5
      ],
      [
        63.9,
        155.2
      ]
    ]
  },
  {
    "i": 758,
    "type": "military",
    "name": "",
    "group": "searoutes",
    "points": [
      [
        86.7,
        116.0
      ],
      [
        87.6,
        120.6
      ],
      [
        88.6,
        125.3
      ]
    ]
  },
  {
    "i": 759,
    "type": "trade",
    "name": "",
    "group": "searoutes",
    "points": [
      [
        407.2,
        158.2
      ],
      [
        410.1,
        159.8
      ],
      [
        413.5,
        159.7
      ],
      [
        416.4,
        163.2
      ],
      [
        415.8,
        166.6
      ]
    ]
  },
  {
    "i": 760,
    "type": "trade",
    "name": "",
    "group": "searoutes",
    "points": [
      [
        400.8,
        150.3
      ],
      [
        401.4,
        146.4
      ],
      [
        403.4,
        143.0
      ],
      [
        399.6,
        139.9
      ],
      [
        395.0,
        138.1
      ],
      [
        391.8,
        139.4
      ],
      [
        389.4,
        142.0
      ],
      [
        386.2,
        141.0
      ],
      [
        382.9,
        141.4
      ],
      [
        380.1,
        144.5
      ],
      [
        378.5,
        148.3
      ],
      [
        374.7,
        149.1
      ],
      [
        371.4,
        151.3
      ],
      [
        368.1,
        149.5
      ],
      [
        364.6,
        148.0
      ],
      [
        363.7,
        151.3
      ],
      [
        362.9,
        154.6
      ],
      [
        358.6,
        155.1
      ],
      [
        354.2,
        155.6
      ],
      [
        353.1,
        161.1
      ],
      [
        353.2,
        164.5
      ],
      [
        348.8,
        167.1
      ],
      [
        344.2,
        166.2
      ],
      [
        341.1,
        165.1
      ],
      [
        337.3,
        165.4
      ],
      [
        333.5,
        165.7
      ],
      [
        331.9,
        168.6
      ],
      [
        326.3,
        167.7
      ],
      [
        322.3,
        163.9
      ],
      [
        322.1,
        161.2
      ],
      [
        322.3,
        157.5
      ],
      [
        322.6,
        153.8
      ],
      [
        324.4,
        148.7
      ],
      [
        326.8,
        144.0
      ],
      [
        328.7,
        140.8
      ],
      [
        330.5,
        137.7
      ],
      [
        328.9,
        133.8
      ],
      [
        327.3,
        130.0
      ],
      [
        321.9,
        132.3
      ],
      [
        320.3,
        128.8
      ],
      [
        318.6,
        125.3
      ],
      [
        320.9,
        121.1
      ],
      [
        323.3,
        116.8
      ],
      [
        326,
        114.6
      ],
      [
        328.8,
        112.3
      ],
      [
        335.3,
        114.8
      ],
      [
        339.2,
        115.4
      ],
      [
        341.2,
        112.9
      ],
      [
        341.1,
        109
      ],
      [
        345.2,
        104.5
      ],
      [
        349.3,
        103.8
      ],
      [
        351.8,
        104.7
      ],
      [
        356.7,
        107.0
      ],
      [
        359.5,
        102.1
      ],
      [
        362.4,
        97.2
      ],
      [
        365.5,
        96.4
      ],
      [
        368.6,
        95.6
      ],
      [
        373.3,
        95
      ],
      [
        378.0,
        94.4
      ],
      [
        379.2,
        97.1
      ],
      [
        380.4,
        99.9
      ],
      [
        383.4,
        98.6
      ],
      [
        386.4,
        97.2
      ],
      [
        391,
        98.5
      ],
      [
        395.6,
        99.8
      ],
      [
        399.4,
        97.5
      ],
      [
        399.3,
        93.3
      ],
      [
        404.9,
        86.9
      ],
      [
        411,
        89.1
      ],
      [
        412.4,
        92.0
      ],
      [
        417.8,
        93.8
      ],
      [
        421.9,
        93.4
      ],
      [
        424.6,
        96.3
      ],
      [
        423.3,
        99.6
      ],
      [
        425.0,
        103.7
      ],
      [
        422.1,
        107.4
      ],
      [
        419.2,
        111.1
      ],
      [
        421.8,
        113.3
      ],
      [
        424.1,
        115.9
      ],
      [
        425.9,
        118.1
      ],
      [
        428.9,
        118.9
      ],
      [
        430.5,
        121.4
      ],
      [
        432.0,
        124.0
      ],
      [
        434.8,
        125.4
      ],
      [
        436.0,
        128.2
      ]
    ]
  },
  {
    "i": 761,
    "type": "trade",
    "name": "",
    "group": "searoutes",
    "points": [
      [
        407.2,
        158.2
      ],
      [
        407.8,
        155.6
      ],
      [
        406.8,
        153
      ],
      [
        404.1,
        151.0
      ],
      [
        400.8,
        150.3
      ]
    ]
  },
  {
    "i": 762,
    "type": "trade",
    "name": "",
    "group": "searoutes",
    "points": [
      [
        380.4,
        99.9
      ],
      [
        382.4,
        103.6
      ],
      [
        381.7,
        105.8
      ],
      [
        381.6,
        108.2
      ],
      [
        380.9,
        110.4
      ]
    ]
  },
  {
    "i": 763,
    "type": "trade",
    "name": "",
    "group": "searoutes",
    "points": [
      [
        364.6,
        148.0
      ],
      [
        363.5,
        146.1
      ],
      [
        362.5,
        144.1
      ],
      [
        361.2,
        142.4
      ]
    ]
  },
  {
    "i": 764,
    "type": "military",
    "name": "",
    "group": "searoutes",
    "points": [
      [
        377.2,
        169.6
      ],
      [
        374.5,
        168.4
      ],
      [
        371.7,
        167.9
      ],
      [
        369,
        166.9
      ],
      [
        367.9,
        162.8
      ],
      [
        366.7,
        158.6
      ],
      [
        362.9,
        154.6
      ]
    ]
  },
  {
    "i": 765,
    "type": "trade",
    "name": "",
    "group": "searoutes",
    "points": [
      [
        411.4,
        113.7
      ],
      [
        414.0,
        111.3
      ],
      [
        419.2,
        111.1
      ],
      [
        419.9,
        114.0
      ],
      [
        420.2,
        117
      ]
    ]
  },
  {
    "i": 766,
    "type": "trade",
    "name": "",
    "group": "searoutes",
    "points": [
      [
        468.2,
        151.6
      ],
      [
        467.4,
        157.2
      ],
      [
        464.9,
        162.3
      ],
      [
        467.4,
        164.2
      ],
      [
        468.6,
        167.2
      ],
      [
        465.7,
        168.7
      ],
      [
        463.8,
        171.6
      ],
      [
        460.6,
        172.8
      ],
      [
        461.6,
        175.9
      ],
      [
        460.9,
        179.1
      ],
      [
        460.6,
        182.8
      ],
      [
        462.4,
        185.3
      ],
      [
        465.5,
        186.5
      ],
      [
        466.9,
        189.3
      ],
      [
        469.0,
        192.0
      ],
      [
        469.2,
        195.3
      ],
      [
        468.5,
        198.3
      ],
      [
        466.2,
        200.2
      ]
    ]
  },
  {
    "i": 767,
    "type": "trade",
    "name": "",
    "group": "searoutes",
    "points": [
      [
        425.0,
        103.7
      ],
      [
        426.1,
        104.6
      ]
    ]
  },
  {
    "i": 768,
    "type": "trade",
    "name": "",
    "group": "searoutes",
    "points": [
      [
        468.2,
        151.6
      ],
      [
        469.8,
        147.7
      ],
      [
        472.7,
        145.3
      ],
      [
        474.3,
        141.9
      ],
      [
        474.9,
        139.2
      ],
      [
        474.0,
        136.7
      ],
      [
        475.0,
        134.2
      ],
      [
        474.5,
        131.6
      ],
      [
        475.5,
        128.2
      ],
      [
        475.0,
        124.6
      ],
      [
        475.6,
        119.9
      ],
      [
        478.0,
        117.1
      ],
      [
        478.9,
        113.5
      ],
      [
        479.7,
        110.3
      ],
      [
        480.0,
        107.1
      ],
      [
        476.3,
        102.5
      ],
      [
        472.5,
        97.8
      ],
      [
        468.5,
        98.3
      ],
      [
        464.6,
        101.6
      ],
      [
        460.8,
        104.9
      ],
      [
        456.9,
        101.9
      ],
      [
        453.8,
        97.8
      ],
      [
        450.8,
        93.8
      ],
      [
        446.8,
        95.4
      ],
      [
        442.9,
        97
      ],
      [
        440,
        95.6
      ],
      [
        437.2,
        94.1
      ],
      [
        433.3,
        94.9
      ],
      [
        429.3,
        95.6
      ],
      [
        426.3,
        97.6
      ],
      [
        424.6,
        96.3
      ]
    ]
  },
  {
    "i": 769,
    "type": "military",
    "name": "",
    "group": "searoutes",
    "points": [
      [
        353.5,
        151.9
      ],
      [
        354.2,
        155.6
      ]
    ]
  },
  {
    "i": 770,
    "type": "trade",
    "name": "",
    "group": "searoutes",
    "points": [
      [
        399.4,
        97.5
      ],
      [
        399.5,
        101.7
      ],
      [
        401.1,
        101.6
      ]
    ]
  },
  {
    "i": 771,
    "type": "military",
    "name": "",
    "group": "searoutes",
    "points": [
      [
        442.9,
        97
      ],
      [
        442.6,
        98.6
      ]
    ]
  },
  {
    "i": 772,
    "type": "military",
    "name": "",
    "group": "searoutes",
    "points": [
      [
        356.7,
        107.0
      ],
      [
        359.2,
        109.1
      ]
    ]
  },
  {
    "i": 773,
    "type": "trade",
    "name": "",
    "group": "searoutes",
    "points": [
      [
        463.5,
        108.3
      ],
      [
        460.8,
        104.9
      ]
    ]
  },
  {
    "i": 774,
    "type": "trade",
    "name": "",
    "group": "searoutes",
    "points": [
      [
        342.6,
        169.1
      ],
      [
        341.2,
        168.9
      ],
      [
        344.2,
        166.2
      ]
    ]
  },
  {
    "i": 775,
    "type": "trade",
    "name": "",
    "group": "searoutes",
    "points": [
      [
        383.6,
        251.1
      ],
      [
        380.8,
        250.1
      ],
      [
        378.9,
        248.0
      ],
      [
        377.0,
        245.9
      ],
      [
        375.0,
        243.7
      ],
      [
        371.8,
        243.4
      ],
      [
        369.5,
        241.5
      ],
      [
        365.7,
        238.9
      ],
      [
        362.8,
        235.4
      ],
      [
        364.3,
        231.6
      ],
      [
        361,
        227.8
      ],
      [
        357.7,
        224.0
      ],
      [
        357.5,
        220.1
      ],
      [
        358.4,
        215.6
      ],
      [
        362.2,
        214.9
      ],
      [
        365.9,
        214.2
      ],
      [
        366.2,
        211.1
      ],
      [
        366.5,
        208.1
      ],
      [
        364.9,
        204.6
      ],
      [
        363.3,
        201.1
      ],
      [
        360.9,
        196.6
      ],
      [
        361.9,
        191.5
      ],
      [
        362.8,
        186.4
      ],
      [
        362.5,
        183
      ],
      [
        362.2,
        179.7
      ],
      [
        363.6,
        175.1
      ],
      [
        364.9,
        170.6
      ],
      [
        369,
        166.9
      ]
    ]
  },
  {
    "i": 776,
    "type": "trade",
    "name": "",
    "group": "searoutes",
    "points": [
      [
        336.6,
        120.1
      ],
      [
        337.2,
        117.9
      ],
      [
        335.3,
        114.8
      ]
    ]
  },
  {
    "i": 777,
    "type": "military",
    "name": "",
    "group": "searoutes",
    "points": [
      [
        337.2,
        117.9
      ],
      [
        339.2,
        115.4
      ]
    ]
  },
  {
    "i": 778,
    "type": "military",
    "name": "",
    "group": "searoutes",
    "points": [
      [
        341.2,
        112.9
      ],
      [
        343.1,
        112.6
      ]
    ]
  },
  {
    "i": 779,
    "type": "military",
    "name": "",
    "group": "searoutes",
    "points": [
      [
        337.2,
        117.9
      ],
      [
        335.6,
        120.2
      ]
    ]
  },
  {
    "i": 780,
    "type": "military",
    "name": "",
    "group": "searoutes",
    "points": [
      [
        480.0,
        107.1
      ],
      [
        482.5,
        102.9
      ],
      [
        484.4,
        97.7
      ],
      [
        487.4,
        96.9
      ],
      [
        491.8,
        92.9
      ],
      [
        493.9,
        90
      ],
      [
        496.0,
        87.1
      ],
      [
        499.2,
        83.5
      ],
      [
        502.2,
        83.7
      ],
      [
        505.3,
        83.9
      ],
      [
        506.9,
        88.4
      ],
      [
        510.7,
        92.5
      ],
      [
        509.5,
        96.6
      ],
      [
        508.3,
        100.7
      ],
      [
        507.5,
        102.8
      ],
      [
        507.3,
        106.2
      ],
      [
        504.4,
        107.8
      ],
      [
        501.8,
        109.6
      ],
      [
        502.2,
        112.8
      ],
      [
        500.9,
        115.8
      ],
      [
        499.8,
        120.2
      ],
      [
        498.7,
        124.5
      ],
      [
        499.0,
        127.5
      ],
      [
        498.9,
        130.6
      ],
      [
        500.1,
        133.3
      ],
      [
        500.7,
        138.8
      ],
      [
        499.6,
        144.3
      ]
    ]
  },
  {
    "i": 781,
    "type": "trade",
    "name": "",
    "group": "searoutes",
    "points": [
      [
        326.7,
        149
      ],
      [
        324.4,
        148.7
      ]
    ]
  },
  {
    "i": 782,
    "type": "military",
    "name": "",
    "group": "searoutes",
    "points": [
      [
        322.6,
        153.8
      ],
      [
        318.7,
        152.5
      ],
      [
        314.9,
        151.3
      ],
      [
        314.3,
        147.0
      ],
      [
        311.2,
        144.4
      ],
      [
        308.4,
        145.5
      ]
    ]
  },
  {
    "i": 783,
    "type": "trade",
    "name": "",
    "group": "searoutes",
    "points": [
      [
        326.5,
        172.7
      ],
      [
        330.4,
        171.5
      ],
      [
        331.9,
        168.6
      ]
    ]
  },
  {
    "i": 784,
    "type": "trade",
    "name": "",
    "group": "searoutes",
    "points": [
      [
        498.7,
        124.5
      ],
      [
        502.8,
        125.0
      ],
      [
        505.3,
        126.5
      ],
      [
        508.5,
        126.3
      ],
      [
        510.8,
        128.2
      ]
    ]
  },
  {
    "i": 785,
    "type": "military",
    "name": "",
    "group": "searoutes",
    "points": [
      [
        499.8,
        120.2
      ],
      [
        497.1,
        121.6
      ],
      [
        493.9,
        122.5
      ]
    ]
  },
  {
    "i": 786,
    "type": "trade",
    "name": "",
    "group": "searoutes",
    "points": [
      [
        356.5,
        262.4
      ],
      [
        355.4,
        261.6
      ],
      [
        354.1,
        261.2
      ],
      [
        349.6,
        262.4
      ],
      [
        348.7,
        254.9
      ],
      [
        352.7,
        252.1
      ],
      [
        354.7,
        248.4
      ],
      [
        356.6,
        244.6
      ],
      [
        359,
        241.9
      ],
      [
        361.3,
        239.2
      ],
      [
        362.8,
        235.4
      ]
    ]
  },
  {
    "i": 787,
    "type": "military",
    "name": "",
    "group": "searoutes",
    "points": [
      [
        362.5,
        183
      ],
      [
        359.8,
        182.3
      ],
      [
        357.2,
        179.3
      ],
      [
        356.3,
        175.5
      ],
      [
        352.3,
        174.3
      ],
      [
        351.2,
        172.4
      ],
      [
        348.8,
        167.1
      ]
    ]
  },
  {
    "i": 788,
    "type": "trade",
    "name": "",
    "group": "searoutes",
    "points": [
      [
        304.9,
        121.1
      ],
      [
        308.1,
        122.8
      ],
      [
        313.1,
        126.1
      ],
      [
        316.2,
        127.2
      ],
      [
        318.6,
        125.3
      ]
    ]
  },
  {
    "i": 789,
    "type": "trade",
    "name": "",
    "group": "searoutes",
    "points": [
      [
        300.9,
        131.4
      ],
      [
        305.5,
        132.6
      ],
      [
        306.5,
        127.1
      ],
      [
        308.1,
        122.8
      ]
    ]
  },
  {
    "i": 790,
    "type": "trade",
    "name": "",
    "group": "searoutes",
    "points": [
      [
        302.2,
        116.8
      ],
      [
        303.8,
        114.1
      ],
      [
        307.9,
        112.7
      ],
      [
        308.8,
        115.6
      ],
      [
        309.6,
        118.5
      ],
      [
        308.1,
        122.8
      ]
    ]
  },
  {
    "i": 791,
    "type": "military",
    "name": "",
    "group": "searoutes",
    "points": [
      [
        497.1,
        121.6
      ],
      [
        498.7,
        124.5
      ]
    ]
  },
  {
    "i": 792,
    "type": "trade",
    "name": "",
    "group": "searoutes",
    "points": [
      [
        307.9,
        112.7
      ],
      [
        308.9,
        109.1
      ],
      [
        310,
        105.6
      ],
      [
        311.6,
        102.3
      ],
      [
        308.6,
        101.3
      ],
      [
        305.4,
        100.8
      ],
      [
        302.4,
        99.8
      ]
    ]
  },
  {
    "i": 793,
    "type": "trade",
    "name": "",
    "group": "searoutes",
    "points": [
      [
        280.2,
        151.7
      ],
      [
        282.9,
        150.1
      ],
      [
        285.9,
        149.8
      ],
      [
        289.0,
        149.4
      ]
    ]
  },
  {
    "i": 794,
    "type": "military",
    "name": "",
    "group": "searoutes",
    "points": [
      [
        311.2,
        144.4
      ],
      [
        308.2,
        141.8
      ],
      [
        304.6,
        138.1
      ],
      [
        305.5,
        132.6
      ]
    ]
  },
  {
    "i": 795,
    "type": "trade",
    "name": "",
    "group": "searoutes",
    "points": [
      [
        304.6,
        138.1
      ],
      [
        301.9,
        138.9
      ],
      [
        299.2,
        139.2
      ],
      [
        297.1,
        142.2
      ],
      [
        293.9,
        144.0
      ],
      [
        292.1,
        147.3
      ],
      [
        289.0,
        149.4
      ]
    ]
  },
  {
    "i": 796,
    "type": "trade",
    "name": "",
    "group": "searoutes",
    "points": [
      [
        332.7,
        270.2
      ],
      [
        334.8,
        272.0
      ],
      [
        336.6,
        274.1
      ],
      [
        335.5,
        276.1
      ]
    ]
  },
  {
    "i": 797,
    "type": "military",
    "name": "",
    "group": "searoutes",
    "points": [
      [
        349.6,
        262.4
      ],
      [
        348.8,
        267.6
      ],
      [
        345.1,
        268.8
      ],
      [
        341.4,
        269.9
      ],
      [
        339,
        272
      ],
      [
        336.6,
        274.1
      ]
    ]
  },
  {
    "i": 798,
    "type": "trade",
    "name": "",
    "group": "searoutes",
    "points": [
      [
        273.4,
        166.8
      ],
      [
        276.5,
        166.9
      ],
      [
        278.9,
        164.8
      ],
      [
        281.9,
        164.5
      ],
      [
        283.2,
        161.4
      ],
      [
        282.7,
        158.0
      ],
      [
        280.6,
        155.2
      ],
      [
        280.2,
        151.7
      ]
    ]
  },
  {
    "i": 799,
    "type": "trade",
    "name": "",
    "group": "searoutes",
    "points": [
      [
        273.4,
        166.8
      ],
      [
        272.1,
        170.3
      ],
      [
        274.2,
        173.2
      ],
      [
        274.6,
        176.7
      ]
    ]
  },
  {
    "i": 800,
    "type": "military",
    "name": "",
    "group": "searoutes",
    "points": [
      [
        517.6,
        107.7
      ],
      [
        515.0,
        105.8
      ],
      [
        511.1,
        107.6
      ],
      [
        507.1,
        109.5
      ],
      [
        504.4,
        107.8
      ]
    ]
  },
  {
    "i": 801,
    "type": "trade",
    "name": "",
    "group": "searoutes",
    "points": [
      [
        515.0,
        105.8
      ],
      [
        514.9,
        102.5
      ],
      [
        519.1,
        98.3
      ],
      [
        523.6,
        97.4
      ],
      [
        525.7,
        95
      ],
      [
        527.9,
        92.7
      ],
      [
        530.9,
        92.3
      ],
      [
        534,
        91.9
      ],
      [
        536,
        89.3
      ],
      [
        538.0,
        86.8
      ],
      [
        540.7,
        85.5
      ],
      [
        543.5,
        84.7
      ]
    ]
  },
  {
    "i": 802,
    "type": "trade",
    "name": "",
    "group": "searoutes",
    "points": [
      [
        583.0,
        254.9
      ],
      [
        587.0,
        256.8
      ],
      [
        591.9,
        256.3
      ],
      [
        597.0,
        255.7
      ],
      [
        601.7,
        253.7
      ],
      [
        605.4,
        257.0
      ],
      [
        609.2,
        257.2
      ],
      [
        613.1,
        257.0
      ],
      [
        614.1,
        261.3
      ],
      [
        615.3,
        264.7
      ],
      [
        616.4,
        268.0
      ],
      [
        616,
        271.9
      ],
      [
        615.5,
        275.7
      ],
      [
        617.8,
        280.4
      ],
      [
        615.3,
        281.8
      ],
      [
        612.7,
        282.8
      ],
      [
        610.2,
        281.2
      ],
      [
        607.0,
        281.3
      ],
      [
        604.7,
        279.3
      ],
      [
        600.8,
        281.1
      ],
      [
        597.7,
        280.7
      ],
      [
        594.8,
        282.1
      ],
      [
        591.7,
        281.3
      ],
      [
        590.0,
        279.1
      ],
      [
        590.1,
        276.3
      ]
    ]
  },
  {
    "i": 803,
    "type": "trade",
    "name": "",
    "group": "searoutes",
    "points": [
      [
        602.2,
        289.0
      ],
      [
        606.1,
        290.6
      ],
      [
        605.7,
        293.5
      ],
      [
        607.0,
        296.2
      ]
    ]
  },
  {
    "i": 804,
    "type": "trade",
    "name": "",
    "group": "searoutes",
    "points": [
      [
        617.8,
        280.4
      ],
      [
        621.5,
        280.6
      ],
      [
        623.9,
        283.3
      ],
      [
        626.3,
        286.0
      ],
      [
        629.5,
        289.7
      ],
      [
        632.6,
        293.4
      ],
      [
        633.8,
        297.1
      ],
      [
        635,
        300.2
      ],
      [
        636.1,
        303.2
      ],
      [
        636.4,
        306.3
      ],
      [
        636.7,
        309.5
      ],
      [
        634.1,
        311.3
      ],
      [
        631.6,
        313.1
      ],
      [
        629.4,
        309.9
      ],
      [
        627.5,
        306.4
      ],
      [
        623.1,
        304.1
      ],
      [
        620.1,
        304.5
      ],
      [
        617.4,
        303.1
      ],
      [
        614.3,
        301.6
      ],
      [
        612.5,
        298.7
      ],
      [
        609.4,
        298.3
      ],
      [
        607.0,
        296.2
      ]
    ]
  },
  {
    "i": 805,
    "type": "trade",
    "name": "",
    "group": "searoutes",
    "points": [
      [
        578.5,
        254.1
      ],
      [
        574.1,
        253.5
      ],
      [
        570.2,
        251.3
      ],
      [
        567.1,
        251.8
      ],
      [
        564.1,
        250.7
      ],
      [
        560.5,
        252.0
      ],
      [
        558.0,
        249.6
      ],
      [
        557.0,
        246.4
      ]
    ]
  },
  {
    "i": 806,
    "type": "trade",
    "name": "",
    "group": "searoutes",
    "points": [
      [
        562.9,
        320.9
      ],
      [
        563.2,
        323.9
      ],
      [
        566.2,
        324.3
      ],
      [
        566.9,
        320.2
      ],
      [
        568.1,
        316.2
      ],
      [
        565.3,
        315.2
      ],
      [
        563.5,
        312.8
      ],
      [
        564.5,
        310.0
      ],
      [
        563.9,
        306.7
      ],
      [
        565.4,
        304.0
      ],
      [
        563.1,
        302.2
      ],
      [
        559.9,
        302.0
      ],
      [
        557.9,
        299.9
      ],
      [
        557.6,
        297.2
      ],
      [
        555.6,
        295.0
      ],
      [
        555.7,
        292.1
      ],
      [
        556.9,
        289.6
      ],
      [
        559.3,
        288.4
      ],
      [
        558.7,
        285.3
      ],
      [
        559.9,
        282.5
      ],
      [
        557.8,
        280.1
      ],
      [
        554.6,
        279.2
      ],
      [
        552.9,
        276.6
      ]
    ]
  },
  {
    "i": 807,
    "type": "military",
    "name": "",
    "group": "searoutes",
    "points": [
      [
        586.4,
        313.9
      ],
      [
        590.2,
        315.7
      ],
      [
        589.9,
        319.1
      ],
      [
        589.5,
        322.6
      ],
      [
        586.2,
        323.6
      ],
      [
        582.8,
        324.7
      ],
      [
        577.7,
        324.2
      ],
      [
        573.4,
        324.4
      ],
      [
        569.2,
        324.7
      ],
      [
        566.2,
        324.3
      ]
    ]
  },
  {
    "i": 808,
    "type": "trade",
    "name": "",
    "group": "searoutes",
    "points": [
      [
        608.6,
        306.4
      ],
      [
        610.5,
        309.6
      ],
      [
        605.8,
        312.4
      ],
      [
        602.3,
        311
      ],
      [
        598.7,
        309.6
      ],
      [
        595.0,
        313.9
      ],
      [
        590.2,
        315.7
      ]
    ]
  },
  {
    "i": 809,
    "type": "military",
    "name": "",
    "group": "searoutes",
    "points": [
      [
        631.6,
        313.1
      ],
      [
        630.9,
        313.9
      ],
      [
        628,
        316.5
      ],
      [
        625.1,
        319.1
      ],
      [
        621,
        318.4
      ],
      [
        616.8,
        317.6
      ],
      [
        613.7,
        313.6
      ],
      [
        610.5,
        309.6
      ]
    ]
  },
  {
    "i": 810,
    "type": "trade",
    "name": "",
    "group": "searoutes",
    "points": [
      [
        612.6,
        243.2
      ],
      [
        617.0,
        242.0
      ],
      [
        617.9,
        237.5
      ],
      [
        623.1,
        240.8
      ],
      [
        622.8,
        244.2
      ],
      [
        620.8,
        248
      ],
      [
        618.9,
        251.7
      ],
      [
        616,
        254.4
      ],
      [
        613.1,
        257.0
      ]
    ]
  },
  {
    "i": 811,
    "type": "trade",
    "name": "",
    "group": "searoutes",
    "points": [
      [
        578.5,
        254.1
      ],
      [
        583.0,
        254.9
      ]
    ]
  },
  {
    "i": 812,
    "type": "trade",
    "name": "",
    "group": "searoutes",
    "points": [
      [
        520.4,
        322.0
      ],
      [
        525.1,
        323.6
      ],
      [
        530.1,
        323.8
      ],
      [
        531.4,
        327.5
      ],
      [
        533.9,
        330.5
      ],
      [
        532.5,
        333.3
      ],
      [
        532.5,
        336.6
      ],
      [
        535.3,
        339.1
      ],
      [
        538.8,
        340.4
      ],
      [
        542.3,
        342.0
      ],
      [
        546.2,
        342.3
      ],
      [
        550.3,
        341.5
      ],
      [
        554.4,
        340.4
      ],
      [
        556.9,
        337.7
      ],
      [
        559.4,
        335.0
      ],
      [
        558.1,
        329.6
      ],
      [
        553.9,
        328.4
      ]
    ]
  },
  {
    "i": 813,
    "type": "military",
    "name": "",
    "group": "searoutes",
    "points": [
      [
        563.2,
        323.9
      ],
      [
        560.7,
        326.7
      ],
      [
        558.1,
        329.6
      ]
    ]
  },
  {
    "i": 814,
    "type": "trade",
    "name": "",
    "group": "searoutes",
    "points": [
      [
        509.3,
        296.9
      ],
      [
        507.5,
        292.3
      ],
      [
        509.6,
        289.0
      ],
      [
        510.1,
        285.1
      ],
      [
        508.1,
        282.6
      ],
      [
        505.0,
        281.5
      ],
      [
        502.5,
        279.4
      ],
      [
        501.3,
        276.4
      ],
      [
        504.1,
        274.0
      ],
      [
        507.0,
        271.6
      ],
      [
        508.9,
        268.3
      ],
      [
        508.1,
        265.4
      ],
      [
        505.8,
        263.5
      ]
    ]
  },
  {
    "i": 815,
    "type": "trade",
    "name": "",
    "group": "searoutes",
    "points": [
      [
        509.3,
        296.9
      ],
      [
        511.3,
        300.7
      ],
      [
        511.6,
        305.0
      ],
      [
        507.7,
        306.7
      ],
      [
        504.7,
        309.8
      ]
    ]
  },
  {
    "i": 816,
    "type": "trade",
    "name": "",
    "group": "searoutes",
    "points": [
      [
        623.1,
        240.8
      ],
      [
        625.1,
        240.7
      ],
      [
        627.5,
        237.2
      ],
      [
        631.9,
        237.1
      ],
      [
        634.8,
        231.6
      ],
      [
        635.8,
        227.8
      ],
      [
        636.7,
        223.9
      ],
      [
        635.7,
        220.7
      ],
      [
        635.5,
        216.3
      ],
      [
        632.4,
        216.5
      ]
    ]
  },
  {
    "i": 817,
    "type": "trade",
    "name": "",
    "group": "searoutes",
    "points": [
      [
        503.2,
        342.6
      ],
      [
        500.0,
        343.8
      ],
      [
        498.0,
        346.4
      ],
      [
        499.5,
        350.6
      ],
      [
        498.3,
        353.6
      ],
      [
        498.9,
        356.7
      ],
      [
        497.6,
        359.7
      ],
      [
        498.1,
        362.9
      ],
      [
        498.7,
        366.3
      ],
      [
        500.9,
        368.9
      ],
      [
        504.1,
        371.0
      ],
      [
        508.0,
        371.0
      ],
      [
        511.3,
        372.7
      ],
      [
        511.4,
        375.8
      ],
      [
        513.5,
        378.2
      ],
      [
        513.9,
        381.1
      ],
      [
        514.1,
        385.0
      ],
      [
        514.7,
        388.9
      ],
      [
        518.9,
        389.7
      ],
      [
        523.1,
        390.4
      ],
      [
        525.0,
        389.8
      ],
      [
        528.1,
        387.2
      ],
      [
        531.2,
        384.7
      ],
      [
        536.4,
        384.2
      ],
      [
        541.7,
        383.7
      ],
      [
        545.7,
        385.3
      ],
      [
        549.8,
        386.8
      ],
      [
        553.2,
        382
      ],
      [
        552.3,
        378.9
      ],
      [
        551.5,
        374.1
      ],
      [
        550.7,
        369.2
      ],
      [
        553.7,
        366.0
      ],
      [
        557.4,
        364.6
      ],
      [
        558,
        361.1
      ],
      [
        558.5,
        357.7
      ],
      [
        562.7,
        354
      ],
      [
        561.2,
        348.7
      ],
      [
        559.7,
        343.4
      ],
      [
        557.1,
        341.9
      ],
      [
        554.4,
        340.4
      ]
    ]
  },
  {
    "i": 818,
    "type": "trade",
    "name": "",
    "group": "searoutes",
    "points": [
      [
        520.4,
        322.0
      ],
      [
        517.9,
        318.6
      ],
      [
        514.5,
        316.3
      ],
      [
        512.2,
        312.8
      ],
      [
        508.2,
        312.0
      ],
      [
        504.7,
        309.8
      ]
    ]
  },
  {
    "i": 819,
    "type": "military",
    "name": "",
    "group": "searoutes",
    "points": [
      [
        635.5,
        216.3
      ],
      [
        635.3,
        211.9
      ],
      [
        637.4,
        208.8
      ],
      [
        634.9,
        207.0
      ]
    ]
  },
  {
    "i": 820,
    "type": "trade",
    "name": "",
    "group": "searoutes",
    "points": [
      [
        598.1,
        208.0
      ],
      [
        602.1,
        208.4
      ],
      [
        605.9,
        206.8
      ],
      [
        608.7,
        205.1
      ],
      [
        609.7,
        201.9
      ],
      [
        612.1,
        199.8
      ],
      [
        614.2,
        202.1
      ],
      [
        617.4,
        202.3
      ],
      [
        619.8,
        204.2
      ],
      [
        624.5,
        203.7
      ],
      [
        627.7,
        203.6
      ],
      [
        630.4,
        201.8
      ],
      [
        633.1,
        201.1
      ],
      [
        635.7,
        200.0
      ],
      [
        638.4,
        199.2
      ],
      [
        640.8,
        203.2
      ],
      [
        639.6,
        205.7
      ],
      [
        637.4,
        208.8
      ]
    ]
  },
  {
    "i": 821,
    "type": "trade",
    "name": "",
    "group": "searoutes",
    "points": [
      [
        546.9,
        375.6
      ],
      [
        549.3,
        375.1
      ],
      [
        551.5,
        374.1
      ]
    ]
  },
  {
    "i": 822,
    "type": "trade",
    "name": "",
    "group": "searoutes",
    "points": [
      [
        585.7,
        166.7
      ],
      [
        585.3,
        161.8
      ],
      [
        586.7,
        158.8
      ],
      [
        586.2,
        155.5
      ],
      [
        586.7,
        151.6
      ],
      [
        583.9,
        149.8
      ],
      [
        580.9,
        148.4
      ],
      [
        584.4,
        145.4
      ],
      [
        590,
        145.4
      ],
      [
        591.8,
        143.9
      ],
      [
        591.6,
        139.4
      ],
      [
        594.7,
        136
      ],
      [
        597.2,
        131.9
      ],
      [
        603.8,
        130.4
      ],
      [
        607.3,
        130.4
      ],
      [
        610.6,
        129.4
      ],
      [
        613.6,
        128.4
      ],
      [
        613.9,
        124.9
      ],
      [
        616.3,
        123.4
      ],
      [
        618.9,
        125.4
      ],
      [
        621.9,
        125.6
      ],
      [
        625.0,
        125.8
      ],
      [
        625.0,
        122.5
      ],
      [
        622.2,
        120.2
      ],
      [
        621.7,
        117.1
      ],
      [
        622.6,
        112.8
      ],
      [
        626.1,
        113.0
      ],
      [
        629.2,
        111.2
      ],
      [
        632.1,
        109.4
      ],
      [
        633.4,
        106.3
      ],
      [
        632.3,
        103.2
      ],
      [
        630.7,
        100.3
      ],
      [
        634.4,
        99.6
      ],
      [
        637.5,
        98.8
      ],
      [
        640.7,
        102.8
      ],
      [
        644.9,
        106.9
      ],
      [
        649.6,
        109.9
      ],
      [
        650.3,
        113.7
      ],
      [
        648.5,
        116.7
      ],
      [
        646.6,
        119.7
      ],
      [
        650.2,
        124.0
      ],
      [
        651.7,
        128.3
      ],
      [
        654.0,
        133.4
      ],
      [
        653.6,
        138.3
      ],
      [
        654.3,
        145.5
      ],
      [
        651.9,
        149.8
      ],
      [
        652.1,
        154.4
      ],
      [
        650.5,
        158.2
      ],
      [
        648.9,
        162.1
      ],
      [
        649.1,
        165.3
      ],
      [
        649.2,
        168.5
      ],
      [
        650.9,
        172.1
      ],
      [
        648.3,
        176.3
      ],
      [
        643.5,
        181.1
      ],
      [
        639.8,
        186.7
      ],
      [
        636.3,
        187.3
      ],
      [
        636.2,
        191.3
      ],
      [
        636.1,
        195.2
      ],
      [
        638.4,
        199.2
      ]
    ]
  },
  {
    "i": 823,
    "type": "trade",
    "name": "",
    "group": "searoutes",
    "points": [
      [
        514.7,
        388.9
      ],
      [
        513.0,
        387.7
      ],
      [
        511.0,
        387.0
      ],
      [
        509.3,
        385.7
      ]
    ]
  },
  {
    "i": 824,
    "type": "trade",
    "name": "",
    "group": "searoutes",
    "points": [
      [
        541.7,
        383.7
      ],
      [
        540.1,
        379.8
      ]
    ]
  },
  {
    "i": 825,
    "type": "military",
    "name": "",
    "group": "searoutes",
    "points": [
      [
        531.2,
        384.7
      ],
      [
        530.3,
        382.2
      ],
      [
        529.1,
        380.0
      ],
      [
        528.4,
        377.5
      ]
    ]
  },
  {
    "i": 826,
    "type": "trade",
    "name": "",
    "group": "searoutes",
    "points": [
      [
        625.9,
        291.7
      ],
      [
        629.5,
        289.7
      ]
    ]
  },
  {
    "i": 827,
    "type": "trade",
    "name": "",
    "group": "searoutes",
    "points": [
      [
        582.6,
        150.2
      ],
      [
        580.9,
        148.4
      ],
      [
        577.5,
        149.1
      ]
    ]
  },
  {
    "i": 828,
    "type": "military",
    "name": "",
    "group": "searoutes",
    "points": [
      [
        580.3,
        152.5
      ],
      [
        580.9,
        150.5
      ],
      [
        580.9,
        148.4
      ],
      [
        580.6,
        144.3
      ],
      [
        575.8,
        139.2
      ]
    ]
  },
  {
    "i": 829,
    "type": "trade",
    "name": "",
    "group": "searoutes",
    "points": [
      [
        529.4,
        409.6
      ],
      [
        532.0,
        407.6
      ],
      [
        528.9,
        405.7
      ],
      [
        525.8,
        403.7
      ],
      [
        522.7,
        403.4
      ],
      [
        519.6,
        403.2
      ],
      [
        516.9,
        400.9
      ],
      [
        514.2,
        398.6
      ],
      [
        515.3,
        394.5
      ],
      [
        514.7,
        388.9
      ],
      [
        512.1,
        392.5
      ],
      [
        506.7,
        395
      ],
      [
        503.8,
        394.0
      ],
      [
        504.4,
        389.9
      ]
    ]
  },
  {
    "i": 830,
    "type": "trade",
    "name": "",
    "group": "searoutes",
    "points": [
      [
        590,
        145.4
      ],
      [
        592.1,
        148.5
      ],
      [
        590.0,
        148.6
      ]
    ]
  },
  {
    "i": 831,
    "type": "trade",
    "name": "",
    "group": "searoutes",
    "points": [
      [
        584.9,
        411.2
      ],
      [
        588,
        408.5
      ],
      [
        590.3,
        411.4
      ],
      [
        587.4,
        413.7
      ]
    ]
  },
  {
    "i": 832,
    "type": "trade",
    "name": "",
    "group": "searoutes",
    "points": [
      [
        588,
        408.5
      ],
      [
        585.6,
        405.6
      ],
      [
        582.7,
        403.7
      ],
      [
        579.9,
        401.7
      ],
      [
        575.7,
        400.1
      ],
      [
        571.9,
        402.5
      ],
      [
        566.4,
        403.3
      ],
      [
        561.7,
        404.3
      ],
      [
        559.2,
        406.6
      ],
      [
        556.8,
        408.8
      ],
      [
        553.5,
        404.6
      ],
      [
        549,
        406.7
      ],
      [
        544.5,
        408.8
      ],
      [
        543.7,
        412.4
      ],
      [
        545.2,
        413.8
      ],
      [
        547.0,
        414.7
      ],
      [
        548.4,
        416.2
      ]
    ]
  },
  {
    "i": 833,
    "type": "trade",
    "name": "",
    "group": "searoutes",
    "points": [
      [
        590.0,
        108.8
      ],
      [
        594.1,
        111.2
      ],
      [
        589.2,
        113.6
      ],
      [
        586,
        116.2
      ],
      [
        582.7,
        118.8
      ],
      [
        583.4,
        122.4
      ],
      [
        584.0,
        126.0
      ],
      [
        580.9,
        128.2
      ],
      [
        577.7,
        130.4
      ],
      [
        574.8,
        130
      ],
      [
        571.8,
        129.5
      ],
      [
        566.6,
        129.2
      ],
      [
        565.5,
        132.2
      ]
    ]
  },
  {
    "i": 834,
    "type": "military",
    "name": "",
    "group": "searoutes",
    "points": [
      [
        571.7,
        144.2
      ],
      [
        573.9,
        141.9
      ],
      [
        575.8,
        139.2
      ],
      [
        576.4,
        136.8
      ],
      [
        574.1,
        133.2
      ],
      [
        574.8,
        130
      ]
    ]
  },
  {
    "i": 835,
    "type": "trade",
    "name": "",
    "group": "searoutes",
    "points": [
      [
        592.6,
        152.8
      ],
      [
        592.1,
        148.5
      ]
    ]
  },
  {
    "i": 836,
    "type": "trade",
    "name": "",
    "group": "searoutes",
    "points": [
      [
        603.8,
        130.4
      ],
      [
        605.6,
        131.1
      ]
    ]
  },
  {
    "i": 837,
    "type": "trade",
    "name": "",
    "group": "searoutes",
    "points": [
      [
        544.5,
        435.5
      ],
      [
        548.2,
        432.5
      ],
      [
        547.6,
        429.1
      ],
      [
        545.0,
        426.6
      ],
      [
        544.0,
        423.4
      ],
      [
        543.6,
        419.5
      ],
      [
        541.4,
        416.2
      ],
      [
        543.7,
        412.4
      ],
      [
        540.5,
        410.8
      ],
      [
        537.3,
        409.1
      ],
      [
        532.0,
        407.6
      ]
    ]
  },
  {
    "i": 838,
    "type": "trade",
    "name": "",
    "group": "searoutes",
    "points": [
      [
        590.3,
        411.4
      ],
      [
        594.9,
        414.8
      ],
      [
        594.8,
        418
      ],
      [
        594.8,
        421.2
      ],
      [
        598,
        422.4
      ],
      [
        597.6,
        426
      ],
      [
        594.0,
        428.5
      ],
      [
        592.7,
        427.7
      ],
      [
        591.1,
        427.4
      ]
    ]
  },
  {
    "i": 839,
    "type": "trade",
    "name": "",
    "group": "searoutes",
    "points": [
      [
        594.0,
        428.5
      ],
      [
        597.3,
        430.4
      ],
      [
        600.6,
        432.3
      ],
      [
        601.4,
        436.7
      ],
      [
        597.6,
        439.5
      ],
      [
        594.5,
        441.5
      ]
    ]
  },
  {
    "i": 840,
    "type": "trade",
    "name": "",
    "group": "searoutes",
    "points": [
      [
        632.9,
        186.9
      ],
      [
        636.3,
        187.3
      ]
    ]
  },
  {
    "i": 841,
    "type": "trade",
    "name": "",
    "group": "searoutes",
    "points": [
      [
        653.6,
        138.3
      ],
      [
        650.5,
        135.4
      ],
      [
        646.8,
        137.4
      ]
    ]
  },
  {
    "i": 842,
    "type": "trade",
    "name": "",
    "group": "searoutes",
    "points": [
      [
        632.2,
        423.1
      ],
      [
        629.6,
        420.7
      ],
      [
        627.7,
        424.8
      ],
      [
        624.9,
        426.9
      ],
      [
        622.0,
        429.0
      ],
      [
        619.4,
        431.9
      ],
      [
        619.8,
        434.1
      ],
      [
        620.3,
        436.2
      ],
      [
        621.1,
        438.3
      ]
    ]
  },
  {
    "i": 843,
    "type": "trade",
    "name": "",
    "group": "searoutes",
    "points": [
      [
        629.6,
        420.7
      ],
      [
        631.5,
        416.6
      ],
      [
        633.7,
        414.4
      ],
      [
        636,
        412.2
      ],
      [
        640,
        413.9
      ],
      [
        644.0,
        415.7
      ],
      [
        646.9,
        417.4
      ],
      [
        649.9,
        419.1
      ],
      [
        651.1,
        422.1
      ],
      [
        652.3,
        425.0
      ],
      [
        651.0,
        428.2
      ]
    ]
  },
  {
    "i": 844,
    "type": "trade",
    "name": "",
    "group": "searoutes",
    "points": [
      [
        603.8,
        130.4
      ],
      [
        603.8,
        126.3
      ],
      [
        603.9,
        122.3
      ],
      [
        606.0,
        118.8
      ],
      [
        609.2,
        116.5
      ]
    ]
  },
  {
    "i": 845,
    "type": "trade",
    "name": "",
    "group": "searoutes",
    "points": [
      [
        606.9,
        108.6
      ],
      [
        605.5,
        110.8
      ],
      [
        603.6,
        112.6
      ],
      [
        604.8,
        115.7
      ],
      [
        606.0,
        118.8
      ]
    ]
  },
  {
    "i": 846,
    "type": "military",
    "name": "",
    "group": "searoutes",
    "points": [
      [
        650.5,
        135.4
      ],
      [
        654.0,
        133.4
      ]
    ]
  },
  {
    "i": 847,
    "type": "military",
    "name": "",
    "group": "searoutes",
    "points": [
      [
        594.1,
        111.2
      ],
      [
        593.9,
        115.5
      ],
      [
        596.2,
        117.7
      ],
      [
        598.5,
        120.0
      ],
      [
        602.2,
        119.4
      ],
      [
        606.0,
        118.8
      ]
    ]
  },
  {
    "i": 848,
    "type": "trade",
    "name": "",
    "group": "searoutes",
    "points": [
      [
        597.6,
        443.6
      ],
      [
        599.8,
        442.1
      ],
      [
        602.2,
        441.1
      ],
      [
        601.4,
        436.7
      ]
    ]
  },
  {
    "i": 849,
    "type": "military",
    "name": "",
    "group": "searoutes",
    "points": [
      [
        602.2,
        441.1
      ],
      [
        607.4,
        438.6
      ],
      [
        610.4,
        438.7
      ],
      [
        613.5,
        438.7
      ],
      [
        616.4,
        435.3
      ],
      [
        619.4,
        431.9
      ]
    ]
  },
  {
    "i": 850,
    "type": "military",
    "name": "",
    "group": "searoutes",
    "points": [
      [
        652.3,
        425.0
      ],
      [
        657.2,
        427.4
      ],
      [
        662.0,
        429.9
      ],
      [
        667.5,
        431.2
      ],
      [
        669.4,
        434.4
      ],
      [
        671.3,
        437.5
      ],
      [
        669.2,
        441.2
      ],
      [
        667.1,
        444.8
      ],
      [
        663,
        446.5
      ],
      [
        658.9,
        448.1
      ],
      [
        656.6,
        448.5
      ],
      [
        652.9,
        449.3
      ],
      [
        649.1,
        450.1
      ],
      [
        645.1,
        449.6
      ],
      [
        643.5,
        452
      ],
      [
        642.9,
        457.7
      ],
      [
        643.3,
        462.7
      ],
      [
        640.6,
        465.5
      ],
      [
        637.9,
        468.2
      ],
      [
        633.9,
        470.3
      ],
      [
        629.9,
        472.4
      ],
      [
        625.2,
        475.3
      ],
      [
        622.9,
        480.2
      ],
      [
        610.5,
        480.0
      ],
      [
        610,
        477.4
      ]
    ]
  },
  {
    "i": 851,
    "type": "trade",
    "name": "",
    "group": "searoutes",
    "points": [
      [
        610.5,
        480.0
      ],
      [
        606.5,
        480.3
      ]
    ]
  },
  {
    "i": 852,
    "type": "trade",
    "name": "",
    "group": "searoutes",
    "points": [
      [
        610.5,
        480.0
      ],
      [
        615.1,
        479.8
      ]
    ]
  },
  {
    "i": 853,
    "type": "trade",
    "name": "",
    "group": "searoutes",
    "points": [
      [
        278.0,
        267.2
      ],
      [
        274.5,
        268.9
      ],
      [
        272.1,
        271.9
      ],
      [
        269.0,
        275.6
      ],
      [
        266,
        276.9
      ],
      [
        262.9,
        278.2
      ],
      [
        260.5,
        281.3
      ],
      [
        258.0,
        284.4
      ]
    ]
  },
  {
    "i": 854,
    "type": "trade",
    "name": "",
    "group": "searoutes",
    "points": [
      [
        251.1,
        284.6
      ],
      [
        253.4,
        284.8
      ],
      [
        255.7,
        284.0
      ],
      [
        258.0,
        284.4
      ],
      [
        254.9,
        286.2
      ]
    ]
  },
  {
    "i": 855,
    "type": "trade",
    "name": "",
    "group": "searoutes",
    "points": [
      [
        276.5,
        287.9
      ],
      [
        276.2,
        284.9
      ],
      [
        273.7,
        282.7
      ],
      [
        273.0,
        279.9
      ],
      [
        268.6,
        278.3
      ],
      [
        269.0,
        275.6
      ]
    ]
  },
  {
    "i": 856,
    "type": "trade",
    "name": "",
    "group": "searoutes",
    "points": [
      [
        266,
        276.9
      ],
      [
        265.2,
        273.9
      ],
      [
        264.9,
        270.8
      ],
      [
        263.6,
        266.7
      ],
      [
        261.6,
        264.7
      ],
      [
        261.3,
        261.9
      ],
      [
        261.5,
        258.7
      ],
      [
        263.4,
        256.0
      ],
      [
        261.9,
        252.4
      ],
      [
        262.2,
        248.4
      ]
    ]
  },
  {
    "i": 857,
    "type": "trade",
    "name": "",
    "group": "searoutes",
    "points": [
      [
        322.6,
        331.4
      ],
      [
        321.0,
        335.7
      ],
      [
        324.2,
        335.0
      ],
      [
        327.0,
        333.5
      ]
    ]
  },
  {
    "i": 858,
    "type": "military",
    "name": "Pyrinae Caravan Route",
    "group": "roads",
    "points": [
      [
        555.1,
        274.7
      ],
      [
        556.4,
        246.7
      ]
    ]
  },
  {
    "i": 859,
    "type": "military",
    "name": "Pyrinae Caravan Route",
    "group": "roads",
    "points": [
      [
        556.4,
        246.7
      ],
      [
        224.1,
        256.0
      ]
    ]
  },
  {
    "i": 860,
    "type": "military",
    "name": "Humman Trade Route",
    "group": "roads",
    "points": [
      [
        555.1,
        274.7
      ],
      [
        540.6,
        85.9
      ]
    ]
  },
  {
    "i": 861,
    "type": "military",
    "name": "Wengari Supply Line",
    "group": "roads",
    "points": [
      [
        540.6,
        85.9
      ],
      [
        378.1,
        147.8
      ]
    ]
  },
  {
    "i": 862,
    "type": "military",
    "name": "Wengari Supply Line",
    "group": "roads",
    "points": [
      [
        378.1,
        147.8
      ],
      [
        248.1,
        116.2
      ]
    ]
  },
  {
    "i": 863,
    "type": "military",
    "name": "Wengari Supply Line",
    "group": "roads",
    "points": [
      [
        248.1,
        116.2
      ],
      [
        622.2,
        112.3
      ]
    ]
  },
  {
    "i": 864,
    "type": "trade",
    "name": "Pyrinae Caravan Route",
    "group": "roads",
    "points": [
      [
        497.6,
        278.0
      ],
      [
        413.8,
        262.5
      ]
    ]
  },
  {
    "i": 865,
    "type": "trade",
    "name": "Humman Trade Route",
    "group": "roads",
    "points": [
      [
        497.6,
        278.0
      ],
      [
        540.6,
        85.9
      ]
    ]
  },
  {
    "i": 866,
    "type": "trade",
    "name": "Wengari Supply Line",
    "group": "roads",
    "points": [
      [
        540.6,
        85.9
      ],
      [
        378.1,
        147.8
      ]
    ]
  },
  {
    "i": 867,
    "type": "trade",
    "name": "Wengari Supply Line",
    "group": "roads",
    "points": [
      [
        378.1,
        147.8
      ],
      [
        248.1,
        116.2
      ]
    ]
  },
  {
    "i": 868,
    "type": "trade",
    "name": "Wengari Supply Line",
    "group": "roads",
    "points": [
      [
        248.1,
        116.2
      ],
      [
        548.1,
        116.2
      ]
    ]
  },
  {
    "i": 869,
    "type": "trade",
    "name": "Wengari Supply Line",
    "group": "roads",
    "points": [
      [
        548.1,
        116.2
      ],
      [
        432.7,
        189.4
      ]
    ]
  },
  {
    "i": 870,
    "type": "trade",
    "name": "Dragari Song Road",
    "group": "roads",
    "points": [
      [
        559.8,
        24.9
      ],
      [
        206.7,
        49.3
      ]
    ]
  },
  {
    "i": 871,
    "type": "trade",
    "name": "Threx Spore Route",
    "group": "roads",
    "points": [
      [
        368.9,
        332.5
      ],
      [
        138.6,
        337.0
      ]
    ]
  }
]